Competition: Liga MX
Season: 1983-1984
BlockSource: http://www.rsssf.com/tablesm/mex84.html

Round: Week 1
Date: 9/2/1983

; Atlético Potosino; 0-0; UNAM

Date: 9/3/1983

; UANL; 2-1; Guadalajara
; América; 3-1; Oaxtepec
; UAG; 1-0; Monterrey

Date: 9/4/1983

; Atlante; 1-1; Atlético Morelia
; Toluca; 2-1; Cruz Azul
; Deportivo Neza; 1-2; Necaxa 
; León; 3-3; Tampico-Madero 
; Puebla; 2-0; Unión de Curtidores 
; U de G; 3-4; Atlas 

Round: Week 2
Date: 9/9/1983

; Unión de Curtidores; 0-0; Deportivo Neza 
; Necaxa; 2-1; Atlético Potosino 

Date: 9/10/1983

; Oaxtepec; 2-1; León 
; Cruz Azul; 1-0; Puebla
; Monterrey; 3-2; U de G
; Atlas; 1-0; UANL 

Date: 9/11/1983

; Atlético Morelia; 1-2; Toluca 
; UNAM; 1-4; UAG 
; Guadalajara; 1-1; América 
; Tampico-Madero; 2-1; Atlante 

Round: Week 3
Date: 9/16/1983

; Atlético Potosino; 1-0; Unión de Curtidores 
; Atlante; 1-0; Oaxtepec 

Date: 9/17/1983

; UANL; 0-2; Monterrey
; UAG; 3-3; Necaxa

Date: 9/18/1983

; León; 1-2; Guadalajara
; América; 3-1; Atlas
; Toluca; 3-0; Puebla
; Atlético Morelia; 4-1; Tampico-Madero
; U de G; 1-1; UNAM
; Deportivo Neza; 1-1; Cruz Azul

Round: Week 4
Date: 9/23/1983

; Unión de Curtidores; 0-1; UAG
; Necaxa; 2-1; U de G

Date: 9/24/1983

; Oaxtepec; 1-1; Atlético Morelia
; Cruz Azul; 2-0; Atlético Potosino
; Monterrey; 1-0; América
; Atlas; 2-2; León

Date: 9/25/1983

; UNAM; 3-3; UANL
; Guadalajara; 0-1; Atlante
; Tampico-Madero; 3-1; Toluca
; Puebla; 1-2; Deportivo Neza

Round: Week 5
Date: 10/1/1983

; UANL; 1-0; Necaxa
; Atlante; 0-0; Atlas
; León; 4-2;  Monterrey
; Atlético Potosino; 1-1; Puebla
; U de G; 1-0; Unión de Curtidores

Date: 10/2/1983

; América; 1-2; UNAM
; Atlético Morelia; 1-1; Guadalajara
; UAG; 0-0; Cruz Azul
; Toluca; 3-1; Deportivo Neza
; Tampico-Madero; 3-1; Oaxtepec

Round: Week 6
Date: 10/7/1983

; Unión de Curtidores; 1-2; UANL
; UNAM; 2-0; León
; Guadalajara; 1-1; Tampico-Madero

Date: 10/8/1983

; Cruz Azul; 1-0; U de G
; Monterrey; 0-0; Atlante
; Oaxtepec; 1-3; Toluca
; Atlas; 2-2; Atlético Morelia

Date: 10/9/1983

; Necaxa; 2-3; América
; Deportivo Neza; 1-2; Atlético Potosino
; Puebla; 1-2; UAG
 
Round: Week 7
Date: 10/14/1983

; América; 3-2; Unión de Curtidores

Date: 10/15/1983

; Oaxtepec; 1-4; Guadalajara
; UANL; 3-1; Cruz Azul
; UAG; 0-0; Deportivo Neza
; León; 3-2; Necaxa

Date: 10/16/1983

; Atlante; 1-1; UNAM
; Toluca; 5-0; Atlético Potosino
; Atlético Morelia; 2-0; Monterrey
; U de G; 4-2; Puebla
; Tampico-Madero; 4-3; Atlas;

Round: Week 8
Date: 10/21/1983

; Unión de Curtidores; 0-3; León
; Atlético Potosino; 1-0; UAG
; UNAM; 1-2; Atlético Morelia

Date: 10/22/1983

; Cruz Azul; 0-2; América
; Monterrey; 1-0; Tampico-Madero
; Atlas; 1-0; Oaxtepec

Date: 10/23/1983

; Puebla; 2-2; UANL

; Necaxa; 2-2; Atlante
Norberto Outes 34, Marcelino de Oliveira 46; Eduardo Moses 27, Ricardo Castro 68

; Deportivo Neza; 1-1; U de G

; Guadalajara; 1-1; Toluca

Round: Week 9
Date: 10/28/1983

; Atlante; 3-1; Unión de Curtidores

Date: 10/29/1983

; Oaxtepec; 2-2; Monterrey
; UANL; 2-2; Deportivo Neza
; U de G; 1-1; Atlético Potosino
; León; 3-2; Cruz Azul

Date: 10/30/1983

; América; 0-1; Puebla
; Guadalajara; 1-1; Atlas
; Atlético Morelia; 3-0; Necaxa
; Toluca; 2-1; UAG
; Tampico-Madero; 2-1; UNAM

Round: Week 10
Date: 11/4/1983

; Unión de Curtidores; 1-1; Atlético Morelia

Date: 11/5/1983

; Cruz Azul; 1-1; Atlante
; Monterrey; 2-2; Guadalajara
; Atlético Potosino; 1-0; UANL
; Atlas; 1-1; Toluca

Date: 11/6/1983

; UNAM; 4-0; Oaxtepec
; Deportivo Neza; 1-3; América
; Puebla; 0-0; León
; UAG; 0-2; U de G

Round: Week 11
Date: 11/11/1983

; Atlas; 2-2; Monterrey
; América; 4-0; Atlético Potosino

Date: 11/12/1983

; Oaxtepec; 2-0; Necaxa
; León; 1-3; Deportivo Neza
; UANL; 1-1; UAG

Date: 11/13/1983

; Guadalajara; 1-1; UNAM
; Toluca; 3-3; U de G
; Atlético Morelia; 1-3; Cruz Azul
; Tampico-Madero; 5-2; Unión de Curtidores
; Atlante; 1-2; Puebla

Round: Week 12
Date: 11/18/1983

; Unión de Curtidores; 0-0; Oaxtepec
; Atlético Potosino; 0-2; León
; Monterrey; 3-1; Toluca
; UNAM; 2-2; Atlas

Date: 11/19/1983

; Cruz Azul; 1-0; Tampico-Madero
; U de G; 2-2; UANL

Date: 11/20/1983

; Puebla; 1-0; Atlético Morelia
; Necaxa; 0-0; Guadalajara
; UAG; 0-1; América
; Deportivo Neza; 1-1; Atlante
Mario Oscar Maldonado (pk) 24; Orlando Ruiz (pk) 56

Round: Week 13
Date: 11/25/1983

; León; 1-4; UAG
; Atlante; 0-0; Atlético Potosino

Date: 11/26/1983

; Oaxtepec; 0-0; Cruz Azul
; Monterrey; 1-3; UNAM
; Atlas; 3-3; Necaxa

Date: 11/27/1983

; América; 1-1; U de G

; Atlético Morelia; 4-4; Deportivo Neza
Horacio Rocha 47, Julio César Núñez 60, José Luis Cáceres 61, Víctor Binello 87; Eugenio Rivas 1, Eugenio Rivas 7, Mario Díaz 34, Guillermo Cossío 79

; Guadalajara; 3-0; Unión de Curtidores
; Toluca; 3-2; UANL
; Tampico-Madero; 1-0; Puebla

Round: Week 14
Date: 12/2/1983

; Atlético Potosino; 2-0; Atlético Morelia
; Unión de Curtidores; 1-0; Atlas
; Necaxa; 1-1; Monterrey

Date: 12/3/1983

; U de G; 3-0; León
; Cruz Azul; 0-0; Guadalajara
; UANL; 2-2; América

Date: 12/4/1983

; UNAM; 4-1; Toluca
; Deportivo Neza; 2-1; Tampico-Madero
Eugenio Rivas 10, Raúl Isiordia 64; Benjamín Galindo 70

; UAG; 6-1; Atlante
; Puebla; 3-1; Oaxtepec

Round: Week 15
Date: 12/9/1983

; UNAM; 1-1; Necaxa

Date: 12/10/1983

; Oaxtepec; 1-1; Deportivo Neza
; Monterrey; 3-2; Unión de Curtidores
; León; 1-2; UANL
Carlos de Jesús Euzebio 6; Raúl González 6, Antonio Piña (pk) 47

; Atlas; 2-0; Cruz Azul

Date: 12/11/1983

; Atlético Morelia; 1-2; UAG
; Atlante; 4-0; U de G
; Guadalajara; 2-3; Puebla
; Toluca; 2-0; América
; Tampico-Madero; 2-1; Atlético Potosino

Round: Week 16
Date: 12/16/1983

; Unión de Curtidores; 1-4; UNAM
; Atlético Potosino; 1-1; Oaxtepec
; América; 1-1; León

Date: 12/17/1983

; Cruz Azul; 0-0; Monterrey
; UAG; 4-0; Tampico-Madero
; UANL; 1-3; Atlante

Date: 12/18/1983

; U de G; 2-3; Atlético Morelia
; Necaxa; 3-2; Toluca
; Puebla; 1-0; Atlas
; Deportivo Neza; 0-1; Guadalajara
; Jaime León 52

Round: Week 17
Date: 12/22/1983

; Tampico-Madero; 2-0; U de G
Rubén Romero Corbo 50, Rubén Romero Corbo 83;

; Atlético Morelia; 2-1; UANL
; Oaxtepec; 1-4; UAG
; Atlas; 1-1; Deportivo Neza
; UNAM; 0-0; Cruz Azul

Date: 12/23/1983

; Guadalajara; 2-0; Atlético Potosino
; Atlante; 2-1; América
; Toluca; 1-0; León
; Monterrey; 2-0; Puebla

Date: 12/24/1983

; Necaxa; 2-0; Unión de Curtidores

Round: Week 18
; Date: 12/29/1983

; U de G; 3-0; Oaxtepec

Date: 12/30/1983

; América; 1-0; Atlético Morelia
; UAG; 2-0; Guadalajara
; Toluca; 3-1; Unión de Curtidores
; Atlético Potosino; 2-2; Atlas
; León; 0-1; Atlante

Date: 12/31/1983

; Cruz Azul; 4-2; Necaxa
; UANL; 4-4; Tampico-Madero
; Puebla; 2-2; UNAM

Date: 1/1/1984

; Deportivo Neza; 3-1; Monterrey

Round: Week 19
Date: 1/4/1984

; Tampico-Madero; 2-2; América
; UNAM; 1-2; Deportivo Neza
Luis Flores 14; Lorenzo Unanue 43, Mario Díaz 80

Date: 1/6/1984

; Unión de Curtidores; 0-2; Cruz Azul
; Atlante; 1-1; Toluca

Date: 1/7/1984

; Oaxtepec; 2-0; UANL
; Monterrey; 2-0; Atlético Potosino
; Atlas; 1-1; UAG

Date: 1/8/1984

; Guadalajara; 2-1; U de G
; Atlético Morelia; 4-2; León
; Necaxa; 0-1; Puebla

Round: Week 20
Date: 1/13/1984

; Unión de Curtidores; 1-0; Puebla
; UNAM; 1-0; Atlético Potosino

Date: 1/14/1984

; Monterrey; 5-1; UAG
; Oaxtepec; 1-2; América
; Cruz Azul; 2-1; Toluca
; Tampico-Madero; 4-1; León
; Atlas; 0-1; U de G

Date: 1/15/1984

; Guadalajara; 4-1; UANL
; Atlético Morelia; 3-1; Atlante
; Necaxa; 2-2; Deportivo Neza

Round: Week 21
Date: 1/19/1984

; Atlante; 4-1; Tampico-Madero

Date: 1/20/1984

; Atlético Potosino; 2-4; Necaxa

Date: 1/21/1984

; U de G; 1-0; Monterrey
; UANL; 2-0; Atlas
; León; 2-0; Oaxtepec

Date: 1/22/1984

; Toluca; 0-3; Atlético Morelia
; América; 1-1; Guadalajara
Gustavo Pedro Echaniz 4; Roberto Gómez Junco 46

; UAG; 2-2; UNAM
; Deportivo Neza; 2-0; Unión de Curtidores
Raúl Isiordia 48, Mario Oscar Maldonado 82;

; Puebla; 3-2; Cruz Azul

Round: Week 22
Date: 1/27/1984

; Necaxa; 1-1; UAG
; Unión de Curtidores; 2-0; Atlético Potosino

Date: 1/28/1984

; Oaxtepec; 0-1; Atlante
; Cruz Azul; 2-2; Deportivo Neza
; Monterrey; 0-1; UANL
; Tampico-Madero; 2-0; Atlético Morelia
; Atlas; 0-4; América

Date: 1/29/1984

; Guadalajara; 2-1; León
; Puebla; 1-1; Toluca
; UNAM; 0-0; U de G

Round: Week 23
Date: 2/3/1984

; Atlético Potosino; 1-0; Cruz Azul

Date: 2/4/1984

; León; 1-1; Atlas
; UAG; 2-1; Unión de Curtidores

Date: 2/5/1984

; Atlético Morelia; 1-1; Oaxtepec
; Toluca; 0-1; Tampico-Madero
; U de G; 2-2; Necaxa
; Deportivo Neza; 4-1; Puebla
; Atlante; 4-2; Guadalajara

Date: 2/29/1984

; UANL; 4-3; UNAM

Date: 4/24/1984

; América; 0-0; Monterrey

Round: Week 24
Date: 2/10/1984

; Unión de Curtidores; 4-1; U de G
; Necaxa; 1-1; UANL

Date: 2/11/1984

; Oaxtepec; 1-0; Tampico-Madero
; Cruz Azul; 1-1; UAG
; Monterrey; 1-1; León
; Atlas; 3-4; Atlante

Date: 2/12/1984

; UNAM; 2-1; América
; Guadalajara; 1-0; Atlético Morelia
; Deportivo Neza; 4-3; Toluca
; Puebla; 4-2; Atlético Potosino

Round: Week 25
Date: 2/17/1984

; Atlético Potosino; 1-1; Deportivo Neza
; Atlante; 1-1; Monterrey

Date: 2/18/1984

; UANL; 1-0; Unión de Curtidores
; UAG; 2-1; Puebla
; Tampico-Madero; 0-0; Guadalajara
; León; 0-1; UNAM

Date: 2/19/1984

; América; 2-1; Necaxa
; Atlético Morelia; 2-1; Atlas
; U de G; 0-0; Cruz Azul
; Toluca; 2-2; Oaxtepec

Round: Week 26
Date: 2/24/1984

; Atlético Potosino; 0-0; Toluca
; Unión de Curtidores; 0-1; América
; Necaxa; 3-2; León

Date: 2/25/1984

; Cruz Azul; 0-2; UANL
; Monterrey; 2-1; Atlético Morelia
; Atlas; 2-0; Tampico-Madero

Date: 2/26/1984

; Guadalajara; 0-1; Oaxtepec
; UNAM; 1-2; Atlante
; Deportivo Neza; 5-2; UAG
Raúl Isiordia 6, Raúl Isiordia 64, Mario Oscar Maldonado (pk) 34, Mario Oscar Maldonado (pk) 88, César Octavio Cervantes 38; Fabián Rosas 17, Javier Hernández 24
; Puebla; 1-1; U de G
 
Round: Week 27
Date: 3/2/1984

; Atlante; 0-1; Necaxa

Date: 3/3/1984

; Oaxtepec; 3-2; Atlas
; UANL; 2-1; Puebla
; U de G; 1-1; Deportivo Neza
; Tampico-Madero; 2-1; Monterrey
; León; 0-1; Unión de Curtidores

Date: 3/4/1984

; Toluca; 3-2; Guadalajara
; Atlético Morelia; 0-0; UNAM
; América; 1-1; Cruz Azul
; UAG; 2-0; Atlético Potosino

Round: Week 28
Date: 3/9/1984

; Unión de Curtidores; 3-1; Atlante
; Atlético Potosino; 1-0; U de G
; Necaxa; 4-3; Atlético Morelia

Date: 3/10/1984

; Monterrey; 0-0; Oaxtepec
; Cruz Azul; 0-1; León
; Atlas; 3-5; Guadalajara

Date: 3/11/1984

; UNAM 0 Tampico-Madero 0
; Puebla; 0-1; América
; Deportivo Neza; 1-1; UANL
Oswaldo Batocletti (og) 51; Luis Fernández (pk) 65
; UAG; 2-1; Toluca

Round: Week 29
Date: 3/16/1984

; América; 0-0; Deportivo Neza

Date: 3/17/1984

; Oaxtepec; 0-2; UNAM
; León; 1-0; Puebla
; Tampico-Madero; 2-3; Necaxa
; Guadalajara; 2-0; Monterrey

Date: 3/18/1984

; Toluca; 0-0; Atlas
; U de G; 1-1; UAG
; Atlante; 3-2; Cruz Azul
; Atlético Morelia; 4-3; Unión de Curtidores

Round: Week 30
Date: 3/23/1984

; Atlético Potosino; 0-0; América
; Unión de Curtidores; 1-1; Tampico-Madero
; Necaxa; 2-3; Oaxtepec

Date: 3/24/1984

; Cruz Azul; 2-1; Atlético Morelia
; Monterrey; 7-1; Atlas
; UAG; 1-0; UANL

Date: 3/25/1984

; UNAM; 0-1; Guadalajara
; Puebla; 1-1; Atlante
; Deportivo Neza; 0-0; León
; U de G; 1-0; Toluca

Round: Week 31
Date: 3/30/1984

; América; 2-0; UAG

Date: 3/31/1984

; Oaxtepec; 4-3; Unión de Curtidores
; León; 0-0; Atlético Potosino
; Tampico-Madero; 2-2; Cruz Azul
; UANL; 0-0; U de G
; Atlas; 0-2; UNAM

Date: 4/1/1984

; Guadalajara; 1-1; Necaxa
; Atlético Morelia; 0-0; Puebla
; Atlante; 1-2; Deportivo Neza
Rodolfo Montoya 20; César Cervantes 55, Raúl Isiordia 89

; Toluca; 1-0; Monterrey

Round: Week 32
Date: 4/6/1984

; Atlético Potosino; 1-0; Atlante
; Unión de Curtidores; 0-0; Guadalajara
; UNAM; 2-0; Monterrey

Date: 4/7/1984

; Cruz Azul; 3-1; Oaxtepec
; UAG; 0-0; León
; UANL; 1-1; Toluca

Date: 4/8/1984

; Puebla; 3-3; Tampico-Madero
; U de G; 1-1; América
Joao Carlos López 55; Carlos Hermosillo 86

; Deportivo Neza; 2-1; Atlético Morelia
; Necaxa; 0-2; Atlas

Round: Week 33
Date: 4/13/1984

; América; 1-1; UANL

Date: 4/14/1984

; Oaxtepec; 2-0; Puebla
; Toluca; 1-4; UNAM
; Monterrey; 2-1; Necaxa
; Tampico-Madero; 1-0; Deportivo Neza
Neri Castillo 24;

; León; 4-1; U de G
; Atlas; 1-0; Unión de Curtidores

Date: 4/15/1984

; Guadalajara; 2-0; Cruz Azul
; Atlético Morelia; 3-2; Atlético Potosino
; Atlante; 0-0; UAG

Round: Week 34
Date: 4/20/1984

; Unión de Curtidores; 1-2; Monterrey
; América; 1-0; Toluca

Date: 4/21/1984

; Atlético Potosino; 2-1; Tampico-Madero
; Cruz Azul; 5-0; Atlas
; UAG; 2-2; Atlético Morelia
; UANL; 2-1; León

Date: 4/22/1984

; Necaxa; 1-3; UNAM
; Puebla; 1-1; Guadalajara
; U de G; 0-5; Atlante
; Deportivo Neza; 2-3; Oaxtepec
César Cervantes 14, Aarón Gamal 60; José Luis Martínez 23, Arturo Castañón 75, Omar Mendiburu 86

Round: Week 35
Date: 4/24/1984

; Atlético Morelia; 1-2; U de G

Date: 4/27/1984

; UNAM; 3-1; Unión de Curtidores

Date: 4/28/1984

; Oaxtepec; 3-0; Atlético Potosino
; León; 1-1; América
; Tampico-Madero; 2-0; UAG
; Monterrey; 0-1; Cruz Azul
; Atlas; 3-2; Puebla

Date: 4/29/1984

; Guadalajara; 3-2; Deportivo Neza
; Toluca; 3-1; Necaxa
; Atlante; 3-0; UANL

Round: Week 36
Date: 5/4/1984

; Atlético Potosino; 1-1; Guadalajara
; Unión de Curtidores; 2-2; Necaxa

Date: 5/5/1984

; Cruz Azul; 0-0; UNAM
; U de G; 4-3; Tampico-Madero
; UANL; 1-3; Atlético Morelia
; León; 3-0; Toluca

Date: 5/6/1984

; América; 1-1; Atlante
; Puebla; 5-3; Monterrey
; UAG; 3-1; Oaxtepec
; Deportivo Neza; 4-1; Atlas

Round: Week 37
Date: 5/11/1984

; Unión de Curtidores; 0-0; Toluca
; Atlante; 3-1; León

Date: 5/12/1984

; Oaxtepec; 1-0; U de G
; UNAM; 2-1; Puebla
; Monterrey; 1-0; Deportivo Neza
Rafael Castillo 4;

; Tampico-Madero; 3-1; UANL
; Atlas; 3-2; Atlético Potosino

Date: 5/13/1984

; Guadalajara; 2-1; UAG
; Necaxa; 0-2; Cruz Azul
; Atlético Morelia; 0-0; América

Round: Week 38
Date: 5/18/1984

; Atlético Potosino; 1-1; Monterrey

Date: 5/19/1984

; Cruz Azul; 2-0; Unión de Curtidores
; León; 3-2; Atlético Morelia
; U de G; 1-1; Guadalajara
; UANL; 2-1; Oaxtepec

Date: 5/20/1984

; Puebla; 4-1; Necaxa
; Toluca; 0-1; Atlante
; UAG; 1-1; Atlas
; Deportivo Neza; 3-1; UNAM

Date: 5/22/1984

; América; 2-0; Tampico-Madero

*Group 1                   P   W   T   L  GF  GA  GAVG PTS
** 1.- America            38  18  15   5  54  30  1.80  51 (champion)
** 2.- Monterrey          38  14  11  13  54  48  1.12  39
*  3.- Necaxa             38  10  12  16  60  73  0.82  32 
*  4.- Atlas              38   9  14  15  53  74  0.72  32
*  5.- Atletico Potosino  38   9  12  17  30  55  0.55  30
*Group 2                   P   W   T   L  GF  GA  GAVG PTS
** 1.- Atlante            38  17  13   8  61  43  1.42  47
** 2.- Guadalajara        38  15  16   7  56  40  1.40  46
*  3.- Deportivo Neza     38  12  16  10  62  54  1.15  40
*  4.- Toluca             38  14  10  14  57  56  1.02  38
*  5.- U. de Curtidores   38   6   7  25  35  66  0.53  19 (relegated)
*Group 3                   P   W   T   L  GF  GA  GAVG PTS
** 1.- U.N.A.M.           38  17  14   7  65  40  1.62  48
** 2.- U.A.G.             38  16  13   9  60  45  1.33  45
*  3.- Tampico - Madero   38  16   9  13  64  61  1.05  41
*  4.- Atletico Morelia   38  14  11  13  63  55  1.15  39
*  5.- Puebla             38  12  10  16  52  57  0.91  34
*Group 4                   P   W   T   L  GF  GA  GAVG PTS
** 1.- Cruz Azul          38  14  13  11  47  38  1.24  41
** 2.- U.A.N.L.           38  14  12  12  55  58  0.95  40
*  3.- U. de Guadalajara  38   9  15  14  47  58  0.81  33
*  4.- Oaxtepec           38  12   9  17  45  62  0.73  33
*  5.- Leon               38  11  10  17  51  58  0.88  32
** Qualify to championship playoffs


*Prepared and maintained by José Mora and Erik Francisco Lugo for the Rec.Sport.Soccer Statistics Foundation
*Authors: José Mora (tecouag@hotmail.com) and Erik Francisco Lugo (eaglelugo@yahoo.com.mx) 
*Last updated: 20 Mar 2009
*(C) Copyright José Mora, Erik Francisco Lugo and RSSSF 2005/09
*You are free to copy this document in whole or part provided that proper acknowledgement is given to the authors. All rights reserved.

