Competition: Liga MX
Season: 1984-1985
BlockSource: http://www.rsssf.com/tablesm/mex85.html


Round: Week 1
Date: 8/17/1984

; Club America; 1-2; Atlético Potosino

Date: 8/18/1984

; UANL; 1-0; Necaxa
; Tampico-Madero; 3-1; Zacatepec
; UAG; 0-0; Ángeles de Puebla

Date: 8/19/1984

; Guadalajara; 0-0; Atlas
; Toluca; 1-1; Atlante
; Club León; 3-1; Cruz Azul
; Atletico Morelia; 1-1; Monterrey
; Deportivo Neza; 2-2; U de G

Date: 9/5/1984

; UNAM; 3-2; Puebla

Round: Week 2
Date: 8/24/1984

; Necaxa; 2-2; Toluca

Date: 8/25/1984

; Ángeles de Puebla; 3-2; Guadalajara
; Cruz Azul; 2-1; Tampico-Madero
; U de G; 1-1; Club America
; Monterrey; 1-3; UNAM
; Atlas; 2-1; Deportivo Neza

Date: 8/26/1984

; Puebla; 1-1; Club León
; Zacatepec; 2-1; UANL
; Atlético Potosino; 1-0; Atletico Morelia
; Atlante; 0-1; UAG

Round: Week 3
Date: 8/30/1984

; UNAM; 1-3; Atlético Potosino

Date: 9/1/1984

; UAG; 1-1; Necaxa
; UANL; 1-2; Cruz Azul

Date: 9/2/1984

; Club America; 1-1; Atlas
; Club León; 2-2; Tampico-Madero
; Puebla; 2-0; Monterrey
; Guadalajara; 1-2; Atlante
; Toluca; 0-0; Zacatepec
; Deportivo Neza; 3-2; Ángeles de Puebla
; Atletico Morelia; 0-3; U de G
 
Round: Week 4
Date: 9/7/1984

; Necaxa; 1-2; Guadalajara
; Atlante; 2-1; Deportivo Neza

Date: 9/8/1984

; Cruz Azul; 2-1; Toluca
; Tampico-Madero; 2-1; UANL
; Monterrey; 3-3; Club León
; Atlas; 3-3; Atletico Morelia

Date: 9/9/1984

; Ángeles de Puebla; 2-2; Club America
; Atlético Potosino; 0-3; Puebla
; Zacatepec; 2-1; UAG
; U de G; 0-4; UNAM

Round: Week 5
Date: 9/14/1984

; UNAM; 4-0; Atlas

Date: 9/15/1984

; Monterrey; 1-1; Atlético Potosino
; Guadalajara; 2-0; Zacatepec

Date: 9/16/1984

; Atletico Morelia; 3-3; Ángeles de Puebla
; Club America; 1-1; Atlante
; Toluca; 1-1; Tampico-Madero
; Deportivo Neza; 1-3; Necaxa
; Club León; 0-0; UANL
; Puebla; 1-2; U de G

Date: 9/17/1984

; UAG; 0-1; Cruz Azul

Round: Week 6
Date: 9/21/1984

; Atlante; 1-0; Atletico Morelia

Date: 9/22/1984

; Cruz Azul; 1-0; Guadalajara
; U de G; 1-1; Monterrey
; UANL; 4-1; Toluca
; Tampico-Madero; 1-1; UAG

Date: 9/23/1984

; Ángeles de Puebla; 0-2; UNAM
; Atlético Potosino; 0-0; Club León
; Zacatepec; 1-1; Deportivo Neza
; Atlas; 0-0; Puebla

Date: 9/24/1984

; Necaxa; 0-2; Club America

Round: Week 7
Date: 9/27/1984

; Guadalajara; 1-1; Tampico-Madero

Date: 9/28/1984

; Club America; 3-1; Zacatepec

Date: 9/29/1984

; Atletico Morelia; 1-1; Necaxa
; UAG; 1-0; UANL
; Monterrey; 1-4; Atlas

Date: 9/30/1984

; UNAM; 4-1; Atlante
; Puebla; 3-1; Ángeles de Puebla
; Club León; 0-0; Toluca
; Deportivo Neza; 2-0; Cruz Azul
; Atlético Potosino; 2-2; U de G

Round: Week 8
Date: 10/5/1984

; Necaxa; 0-2; UNAM

Date: 10/6/1984

; UANL; 0-1; Guadalajara
; Cruz Azul; 1-0; Club America
; U de G; 3-3; Club León
; Tampico-Madero; 2-1; Deportivo Neza

Date: 10/7/1984

; Toluca; 2-1; UAG
; Zacatepec; 1-3; Atletico Morelia
; Atlas; 3-1; Atlético Potosino
; Atlante; 3-0; Puebla
; Ángeles de Puebla; 2-0; Monterrey

Round: Week 9
Date: 10/13/1984

; Monterrey; 3-2; Atlante
; Club León; 1-0; UAG
; Guadalajara; 0-0; Toluca
; UNAM; 1-0; Zacatepec

Date: 10/14/1984

; Deportivo Neza; 0-0; UANL
; Club America; 3-1; Tampico-Madero
; Atletico Morelia; 1-1; Cruz Azul
; Atlético Potosino; 1-0; Ángeles de Puebla
; U de G; 1-2; Atlas
; Puebla; 1-1; Necaxa

Round: Week 10
Date: 10/17/1984

; Zacatepec; 1-0; Puebla

Date: 10/19/1984

; Necaxa; 3-3; Monterrey

Date: 10/20/1984

; Tampico-Madero; 4-0; Atletico Morelia
; Cruz Azul; 1-1; UNAM
; Atlas; 0-2; Club León
; UANL; v; Club America 
Notes: Match abandoned at 72', UANL was winning 2-0 

Date: 10/21/1984

; Ángeles de Puebla; 2-2; U de G
; Toluca; 3-1; Deportivo Neza
; Atlante; 2-1; Atlético Potosino
; UAG; 2-2; Guadalajara

Date: 1/16/1985

; UANL; 2-0; Club America
Minutes: 72
Notes: Called with 18 minutes left, result stood

Round: Week 11
Date: 10/20/1984

; UNAM; 3-1; Tampico-Madero

Date: 10/21/1984

; Monterrey; 0-1; Zacatepec
; Atlas; 3-2; Ángeles de Puebla
; Club León; 0-1; Guadalajara

Date: 10/28/1984

; Atlético Potosino; 1-1; Necaxa
; Puebla; 2-2; Cruz Azul
; Deportivo Neza; 1-1; UAG
; U de G; 0-0; Atlante

Date: 11/20/1984

; Atletico Morelia; 0-1; UANL

Date: 11/21/1984

; Club America; 1-0; Toluca

Round: Week 12
Date: 11/2/1984

; Necaxa; 1-3; U de G

Date: 11/3/1984

; Cruz Azul; 1-0; Monterrey
; Guadalajara; 2-1; Deportivo Neza
; Tampico-Madero; 3-2; Puebla

Date: 11/4/1984

; Atlante; 0-2; Atlas
; Zacatepec; 3-1; Atlético Potosino
; Toluca; 1-1; Atletico Morelia
; Ángeles de Puebla; 2-1; Club León

Date: 11/14/1984

; UAG; 0-1; Club America

Date: 12/11/1984

; UANL; 1-0; UNAM

Round: Week 13
Date: 11/10/1984

; Club León; 2-2; Deportivo Neza
; Monterrey; 1-1; Tampico-Madero
; Ángeles de Puebla; 1-1; Atlante
; U de G; 3-0; Zacatepec

Date: 11/11/1984

; Atlético Potosino; 4-5; Cruz Azul
; Atlas; 2-0; Necaxa
; Atletico Morelia; 0-1; UAG

Date: 12/11/1984

; Club America; 0-0; Guadalajara

Date: 12/19/1984

; Puebla; 3-1; UANL

Date: 1/16/1985

; UNAM; 1-0; Toluca

Round: Week 14
Date: 11/16/1984

; Atlante; 2-1; Club León

Date: 11/17/1984

; Cruz Azul; 0-1; U de G
; UANL; 2-2; Monterrey
; UAG; 2-2; UNAM
; Tampico-Madero; 3-2; Atlético Potosino

Date: 11/18/1984

; Toluca; 2-1; Puebla
; Guadalajara; 1-1; Atletico Morelia
; Deportivo Neza; 1-4; Club America
; Zacatepec; 0-1; Atlas
; Necaxa; 3-1; Ángeles de Puebla

Round: Week 15
Date: 11/23/1984

; Atlante; 1-0; Necaxa

Date: 11/24/1984

; Monterrey; 3-1; Toluca
; Club León; 2-1; Club America
; Atlas; 2-1; Cruz Azul

Date: 11/25/1984

; Ángeles de Puebla; 4-2; Zacatepec
; Puebla; 2-1; UAG
; U de G; 3-1; Tampico-Madero
; UNAM; 1-3; Guadalajara
; Atletico Morelia; 0-0; Deportivo Neza
; Atlético Potosino; 1-1; UANL

Round: Week 16
Date: 11/30/1984

; Club America; 2-1; Atletico Morelia

Date: 12/1/1984

; Cruz Azul; 4-0; Ángeles de Puebla
; UANL; 1-2; U de G
; Guadalajara; 1-0; Puebla
; Tampico-Madero; 3-2; Atlas

Date: 12/2/1984

; Toluca; 0-0; Atlético Potosino
; Necaxa; 4-2; Club León
; Zacatepec; 2-0; Atlante
; Deportivo Neza; 0-2; UNAM
; UAG; 5-2; Monterrey

Round: Week 17
Date: 12/7/1984

; Atlante; 0-0; Cruz Azul

Date: 12/8/1984

; Necaxa; 0-0; Zacatepec
; Monterrey; 1-1; Guadalajara
; Club León; 1-1; Atletico Morelia
; U de G; 2-0; Toluca
; Ángeles de Puebla; 2-1; Tampico-Madero

Date: 12/9/1984

; UNAM; 1-0; Club America
; Puebla; 2-0; Deportivo Neza
; Atlas; 3-1; UANL
; Atlético Potosino; 3-1; UAG

Round: Week 18
Date: 12/15/1984

; Cruz Azul; 4-1; Necaxa
; UANL; 2-1; Ángeles de Puebla
; Club León; 1-0; Zacatepec
; Guadalajara; 3-1; Atlético Potosino

Date: 12/16/1984

; Deportivo Neza; 1-2; Monterrey
; Toluca; 2-0; Atlas
; Club America; 1-0; Puebla
; UAG; 1-1; U de G
; Atletico Morelia; 0-4; UNAM
; Tampico-Madero; 3-4; Atlante

Round: Week 19
Date: 12/21/1984

; UNAM; 2-0; Club León

Date: 12/22/1984

; Atlas; 4-3; UAG
; Monterrey; 1-2; Club America
; Ángeles de Puebla; 3-1; Toluca
; Atlante; 1-1; UANL

Date: 12/23/1984

; Puebla; 4-1; Atletico Morelia
; U de G; 1-0; Guadalajara
; Necaxa; 1-1; Tampico-Madero
; Atlético Potosino; 1-0; Deportivo Neza
; Zacatepec; 0-2; Cruz Azul

Round: Week 20
Date: 12/28/1984

; Atlante; 4-1; Toluca

Date: 12/29/1984

; Cruz Azul; 0-0; Club León
; Ángeles de Puebla; 0-0; UAG
; Monterrey; 1-1; Atletico Morelia
; U de G; 1-1; Deportivo Neza

Date: 12/30/1984

; Puebla; 2-0; UNAM
; Atlético Potosino; 3-1; Club America
; Necaxa; 1-1; UANL
; Zacatepec; 2-1; Tampico-Madero
; Atlas; 0-0; Guadalajara

Round: Week 21
Date: 1/4/1985

; Club America; 2-2; U de G

Date: 1/5/1985

; UANL; 2-0; Zacatepec
; Guadalajara; 6-1; Ángeles de Puebla
; Club León; 2-0; Puebla
; Tampico-Madero; 2-1; Cruz Azul

Date: 1/6/1985

; Toluca; 2-0; Necaxa
; UNAM; 4-2; Monterrey
; UAG; 1-2; Atlante
; Atletico Morelia; 0-0; Atlético Potosino
; Deportivo Neza; 0-2; Atlas

Round: Week 22
Date: 1/11/1985

; Necaxa; 0-0; UAG

Date: 1/12/1985

; Cruz Azul; 1-1; UANL
; Monterrey; 1-1; Puebla
; U de G; 2-1; Atletico Morelia

Date: 1/13/1985

; Atlético Potosino; 1-4; UNAM
; Atlante; 2-1; Guadalajara
; Ángeles de Puebla; 2-1; Deportivo Neza
; Zacatepec; 0-0; Toluca
; Tampico Madero; 2-1; Club León
; Atlas; 0-0; Club America

Round: Week 23
Date: 1/18/1985

; Club America; 2-1; Ángeles de Puebla

Date: 1/19/1985

; UANL; 1-2; Tampico-Madero
; Club León; 2-0; Monterrey

Date: 1/20/1985

; Toluca; 1-1; Cruz Azul
; Deportivo Neza; 0-0; Atlante
; Puebla; 2-0; Atlético Potosino
; Guadalajara; 2-0; Necaxa
; UAG; 2-1; Zacatepec
; UNAM; 1-2; U de G
; Atletico Morelia; 0-0; Atlas

Round: Week 24
Date: 1/25/1985

; Necaxa; 1-3; Deportivo Neza

Date: 1/26/1985

; Cruz Azul; 0-2; UAG
; UANL; 2-0; Club León
; U de G; 3-1; Puebla

Date: 1/27/1985

; Atlante; 1-2; Club America
; Tampico-Madero; 3-0; Toluca
; Atlas; 1-2; UNAM
; Atlético Potosino; 1-2; Monterrey
; Zacatepec; 1-4; Guadalajara
; Ángeles de Puebla; 1-0; Atletico Morelia

Round: Week 25
Date: 2/1/1985

; UNAM; 2-0; Ángeles de Puebla

Date: 2/2/1985

; Monterrey; 2-1; U de G
; Club León; 5-1; Atlético Potosino
; UAG; 2-0; Tampico-Madero

Date: 2/3/1985

; Club America; 3-2; Necaxa
; Guadalajara; 1-1; Cruz Azul
; Toluca; 2-0; UANL
; Puebla; 2-1; Atlas
; Deportivo Neza; 1-1; Zacatepec
; Atletico Morelia; 1-1; Atlante

Round: Week 26
Date: 2/8/1985

; Necaxa; 2-2; Atletico Morelia

Date: 2/9/1985

; Cruz Azul; 1-0; Deportivo Neza
; UANL; 2-1; UAG
; Atlas; 3-1; Monterrey

Date: 2/10/1985

; Toluca; 0-2; Club León
; Ángeles de Puebla; 1-1; Puebla
; Tampico-Madero; 1-0; Guadalajara
; U de G; 1-2; Atlético Potosino
; Atlante; 0-1; UNAM
; Zacatepec; 1-0; Club America

Round: Week 27
Date: 2/15/1985

; UNAM; 2-1; Necaxa

Date: 2/16/1985

; Monterrey; 1-1; Ángeles de Puebla
; Club León; 0-0; U de G
; Guadalajara; 3-1; UANL

Date: 2/17/1985

; Puebla; 3-0; Atlante
; UAG; 3-2; Toluca
; Club America; 2-2; Cruz Azul
; Deportivo Neza; 2-1; Tampico-Madero
; Atletico Morelia; 2-0; Zacatepec
; Atlético Potosino; 1-1; Atlas

Round: Week 28
Date: 2/22/1985

; Necaxa; 1-0; Puebla

Date: 2/23/1985

; Cruz Azul; 2-0; Atletico Morelia
; UANL; 1-0; Deportivo Neza
; UAG; 3-3; Club León
; Tampico-Madero; 1-0; Club America

Date: 2/24/1985

; Toluca; 0-0; Guadalajara
; Atlante; 3-1; Monterrey
; Atlas; 0-1; U de G
; Ángeles de Puebla; 3-0; Atlético Potosino
; Zacatepec; 0-2; UNAM

Round: Week 29
Date: 3/1/1985

; Club America; 1-0; UANL

Date: 3/2/1985

; Monterrey; 2-0; Necaxa
; Club León; 1-1; Atlas
; U de G; 2-2; Ángeles de Puebla

Date: 3/3/1985

; Deportivo Neza; 3-1; Toluca
; UNAM; 3-2; Cruz Azul
; Guadalajara; 2-1; UAG
; Atlético Potosino; 2-0; Atlante
; Puebla; 0-0; Zacatepec
; Atletico Morelia; 2-1; Tampico-Madero

Round: Week 30
Date: 3/8/1985

; Necaxa; 0-0; Atlético Potosino

Date: 3/9/1985

; Cruz Azul; 0-0; Puebla
; Guadalajara; 0-1; Club León
; UANL; 3-1; Atletico Morelia

Date: 3/10/1985

; Toluca; 0-0; Club America
; Atlante; 1-1; U de G
; Tampico-Madero; 4-2; UNAM
; UAG; 3-2; Deportivo Neza
; Ángeles de Puebla; 4-1; Atlas
; Zacatepec; 0-1; Monterrey

Round: Week 31
Date: 3/14/1985

; Monterrey; 2-2; Cruz Azul

Date: 3/15/1985

; UNAM; 2-1; UANL

Date: 3/16/1985

; Club León; 0-0; Ángeles de Puebla
; Atlas; 0-2; Atlante

Date: 3/17/1985

; Club America; 1-0; UAG
; U de G; 2-0; Necaxa
; Atletico Morelia; 2-3; Toluca
; Puebla; 2-0; Tampico-Madero

Date: 3/18/1985

; Atlético Potosino; 0-0; Zacatepec

Round: Week 32
Date: 3/23/1985

; Cruz Azul; 1-1; Atlético Potosino
; Atlante; 0-1; Ángeles de Puebla
; UANL; 0-0; Puebla
; UAG; 0-0; Atletico Morelia

Date: 3/24/1985

; Toluca; 0-1; UNAM
; Deportivo Neza; 2-2; Club León
; Guadalajara; 0-0; Club America
; Necaxa; 2-0; Atlas
; Tampico-Madero; 4-0; Monterrey
; Zacatepec; 0-3; U de G

Round: Week 33
Date: 3/29/1985

; Club America; 0-1; Deportivo Neza

Date: 3/30/1985

; Monterrey; 2-0; UANL
; Club León; 2-2; Atlante
; Ángeles de Puebla; 1-1; Necaxa
; Atlas; 2-1; Zacatepec

Date: 3/31/1985

; UNAM; 2-1; UAG
; Puebla; 1-1; Toluca
; U de G; 1-1; Cruz Azul
; Atlético Potosino; 0-0; Tampico-Madero
; Atletico Morelia; 1-0; Guadalajara

Round: Week 34
Date: 4/5/1985

; Club America; 3-1; Club León

Date: 4/6/1985

; Cruz Azul; 3-0; Atlas
; Tampico-Madero; 2-1; U de G
; UAG; 2-1; Puebla
; UANL; 2-1; Atlético Potosino

Date: 4/7/1985

; Toluca; 1-0; Monterrey
; Guadalajara; 0-0; UNAM
; Necaxa; 1-2; Atlante
; Deportivo Neza; 0-0; Atletico Morelia
; Zacatepec; 2-1; Ángeles de Puebla

Round: Week 35
Date: 4/12/1985

; Atlante; 2-0; Zacatepec

Date: 4/13/1985

; Ángeles de Puebla; 0-1; Cruz Azul
; U de G; 2-0; UANL
; Club León; 2-2; Necaxa
; Atlas; 5-2; Tampico-Madero
; Monterrey; 2-1; UAG

Date: 4/14/1985

; Puebla; 3-0; Guadalajara
; UNAM; 0-1; Deportivo Neza
; Atlético Potosino; 5-1; Toluca
; Atletico Morelia; 2-4; Club America

Round: Week 36
Date: 4/20/1985

; Cruz Azul; 0-1; Atlante
; UANL; 1-1; Atlas
; Guadalajara; 2-0; Monterrey
; Tampico-Madero; 3-1; Ángeles de Puebla

Date: 4/21/1985

; Toluca; 1-1; U de G
; Club America; 2-2; UNAM
; UAG; 4-2; Atlético Potosino
; Atletico Morelia; 2-2; Club León
; Deportivo Neza; 3-2; Puebla
; Zacatepec; 3-0; Necaxa

Round: Week 37
Date: 4/27/1985

; Atlante; 3-1; Tampico-Madero

Date: 4/28/1985

; Puebla; 1-1; Club America
; UNAM; 0-0; Atletico Morelia
; Ángeles de Puebla; 2-0; UANL
; Atlético Potosino; 0-0; Guadalajara
; Necaxa; 0-1; Cruz Azul
; Atlas; 2-1; Toluca
; Monterrey; 2-1; Deportivo Neza
; Zacatepec; 1-2; Club León
; U de G; 1-2; UAG

Round: Week 38
Date: 5/4/1985

; Guadalajara; 3-0; U de G
; Cruz Azul; 2-1; Zacatepec
; Club León; 3-0; UNAM
; Tampico-Madero; 0-0; Necaxa
; UANL; 2-1; Atlante

Date: 5/5/1985

; Toluca; 2-1; Ángeles de Puebla
; Club America; 3-2; Monterrey
; Atletico Morelia; 3-2; Puebla
; Deportivo Neza; 3-3; Atlético Potosino
; UAG; 1-1; Atlas


*Group 1                   P   W   T   L  GF  GA  DIF PTS 
** 1.- America            38  17  12   9  53  40  +13  46 (champion)
** 2.- Leon               38  12  18   8  56  46  +10  42 
*  3.- U.A.N.L.           38  13   9  16  41  45   -4  35
*  4.- Deportivo Neza     38   8  12  18  44  58  -14  28
*  5.- Necaxa             38   5  15  18  37  59  -22  25 
*Group 2                   P   W   T   L  GF  GA  DIF PTS 
** 1.- U.N.A.M.           38  25   5   8  71  38  +33  55 
** 2.- Atlas              38  16  11  11  55  51   +4  43 
*  3.- Tampico - Madero   38  17   8  13  65  58   +7  42 
*  4.- Angeles            38  12  11  15  54  61   -7  35
*  5.- Atletico Morelia   38   6  18  14  37  55  -18  30 
*Group 3                   P   W   T   L  GF  GA  DIF PTS 
** 1.- U. de Guadalajara  38  16  15   7  60  44  +16  47 
** 2.- Cruz Azul          38  17  13   8  53  38  +15  47 
*  3.- Atlante            38  17  10  11  51  44   +7  44 
*  4.- Atletico Potosino  38  10  14  14  49  60  -11  34
*  5.- Monterrey          38  10  12  16  50  68  -18  32
*Group 4                   P   W   T   L  GF  GA  DIF PTS
** 1.- Guadalajara        38  16  13   9  49  30  +19  45
** 2.- Puebla             38  13  11  14  53  43  +10  37
*  3.- U.A.G.             38  12  12  14  52  50   +2  36
*  4.- Toluca             38   8  14  16  34  53  -19  30
*  5.- Zacatepec          38  10   7  21  31  54  -23  27 (relegated)
* Qualify to championship playoffs


*Thanks to Ian King for earlier version of file
*Prepared and maintained by Erik Francisco Lugo for the Rec.Sport.Soccer Statistics Foundation
*Author: Erik Francisco Lugo 
*Last updated: 1 May 2009
*(C) Copyright Erik Francisco Lugo and RSSSF 2002/09
*You are free to copy this document in whole or part provided that proper acknowledgement is given to the author. All rights reserved.

