Competition: Liga MX
Season: 1988-1989
BlockSource: http://www.rsssf.com/tablesm/mex89.html

Round: Week 1
Date: 10/15/1988

; U de G; 2-8; Atlas 
; UANL; 1-2; Necaxa 
; Club America; 0-0; Cobras 

Date: 10/16/1988

; Toluca; 1-2; UAG 
; UNAM; 3-2; Irapuato 
; Puebla; 1-1; Cruz Azul 
; Guadalajara; 1-0; Atlético Potosino 
; UAT; 3-0; Monterrey 
; Tampico Madero; 3-1; Atlante 
; Santos Laguna; 1-1; Atletico Morelia 

Round: Week 2
Date: 10/21/1988

; Necaxa; 3-0; Tampico Madero 
; UAG; 1-0; Club America 
; Atlético Potosino; 0-0; U de G 

Date: 10/22/1988

; Monterrey; 0-3; UNAM 
; Cobras; 3-0; UAT 
; Atlas; 2-3; Toluca 
; Cruz Azul; 1-1; Atletico Morelia 

Date: 10/23/1988

; Atlante; 1-1; Guadalajara 
; Santos Laguna; 2-1; UANL 
; Irapuato; 1-0; Puebla 

Round: Week 3
Date: 10/28/1988

; UNAM; 3-0; Cobras 

Date: 10/29/1988

; UANL; 3-2; Cruz Azul 
; U de G; 0-1; Atlante 

Date: 10/30/1988

; Toluca; 5-3; Atlético Potosino 
; Club America; 1-1; Atlas 
; Guadalajara; 3-2; Necaxa 
; UAT; 0-1; UAG 
; Tampico Madero; 4-1; Santos Laguna 
; Irapuato; 2-0; Monterrey 
; Puebla; 4-1; Atletico Morelia 

Round: Week 4
Date: 11/4/1988

; Atlante; 1-0; Toluca 
; UAG; 0-1; UNAM 
; Atlético Potosino; 1-2; Club America 

Date: 11/5/1988

; Cruz Azul; 1-2; Tampico Madero 
; Cobras; 1-1; Irapuato 
; Atlas; 2-1; UAT 
; Monterrey; 0-2; Puebla 

Date: 11/6/1988

; Necaxa; 1-2; U de G 
; Santos Laguna; 1-0; Guadalajara 
; Atletico Morelia; 4-2; UANL 

Round: Week 5
Date: 11/11/1988

; Club America; 0-2; Atlante 

Date: 11/12/1988

; Monterrey; 0-0; Cobras 
; U de G; 3-0; Santos Laguna 

Date: 11/13/1988

; Toluca; 2-3; Necaxa 
; Puebla; 3-1; UANL 
; Guadalajara; 3-1; Cruz Azul 
; UAT; 1-0; Atlético Potosino 
; Irapuato; 1-4; UAG 
; Tampico Madero; 3-0; Atletico Morelia 

Date: 11/15/1988

; UNAM; 2-0; Atlas 

Round: Week 6
Date: 11/18/1988

; Atlante; 2-1; UAT 
; UAG; 1-3; Monterrey 

Date: 11/19/1988

; Cruz Azul; 2-1; U de G 
; UANL; 1-0; Tampico Madero 
; Cobras; 0-0; Puebla 
; Atlas; 5-1; Irapuato 
; Atlético Potosino; 1-1; UNAM 

Date: 11/20/1988

; Necaxa; 0-0; Club America 
; Santos Laguna; 2-1; Toluca 
; Atletico Morelia; 3-2; Guadalajara 

Round: Week 7
Date: 11/25/1988

; Club America; 2-1; Santos Laguna 

Date: 11/26/1988

; Monterrey; 2-1; Atlas 
; UNAM; 1-1; Atlante 
; U de G; 1-1; Atletico Morelia 

Date: 11/27/1988

; Toluca; 2-3; Cruz Azul 
; Puebla; 1-1; Tampico Madero 
; Guadalajara; 3-1; UANL 
; UAT; 3-1; Necaxa 
; Cobras; 0-0; UAG 
; Irapuato; 3-0; Atlético Potosino 

Round: Week 8
Date: 12/2/1988

; Atlante; 3-1; Irapuato 
; UAG; 0-0; Puebla 

Date: 12/3/1988

; Cruz Azul; 1-3; Club America 
; UANL; 1-0; U de G 
; Atlas; 2-1; Cobras 
; Atlético Potosino; 1-1; Monterrey 

Date: 12/4/1988

; Necaxa; 0-2; UNAM 
; Tampico Madero; 0-1; Guadalajara 
; Santos Laguna; 1-0; UAT 
; Atletico Morelia; 3-3; Toluca 

Round: Week 9
Date: 12/9/1988

; UAG; 3-0; Atlas 
; Club America; 1-0; Atletico Morelia 

Date: 12/10/1988

; Monterrey; 1-2; Atlante 
; U de G; 0-0; Tampico Madero 

Date: 12/11/1988

; Toluca; 4-1; UANL 
; UNAM; 1-1; Santos Laguna 
; Puebla; 2-0; Guadalajara 
; UAT; 1-0; Cruz Azul 
; Cobras; 0-0; Atlético Potosino 
; Irapuato; 0-0; Necaxa 

Round: Week 10

Date: 12/16/1988

; Necaxa; 2-2; Monterrey 
; Atlético Potosino; 0-1; UAG 

Date: 12/17/1988

; Cruz Azul; 1-0; UNAM 
; UANL; 0-0; Club America 
; Atlas; 1-2; Puebla 

Date: 12/18/1988

; Atlante; 3-1; Cobras 
; Guadalajara; 2-3; U de G 
; Santos Laguna; 0-0; Irapuato 
; Tampico Madero; 7-2; Toluca 
; Atletico Morelia; 1-1; UAT 

Round: Week 11
Date: 12/21/1988

; Atlas; 4-1; Atlético Potosino 
; Monterrey; 1-0; Santos Laguna 

Date: 12/22/1988

; Club America; 3-2; Tampico Madero 
; Toluca; 1-0; Guadalajara 
; Cobras; 2-1; Necaxa 
; Puebla; 2-1; U de G 
; UAG; 3-0; Atlante 
; Irapuato; 2-2; Cruz Azul 
; UAT; 1-1; UANL 

Date: 12/23/1988

; UNAM; 0-0; Atletico Morelia 

Round: Week 12
Date: 12/28/1988

; Cruz Azul; 2-2; Monterrey 
; U de G; 2-1; Toluca 

Date: 12/29/1988

; Guadalajara; 2-2; Club America 
; Necaxa; 1-0; UAG 
; Santos Laguna; 0-0; Cobras 
; UANL; 0-3; UNAM 
; Tampico Madero; 5-5; UAT 

Date: 12/30/1988

; Atlante; 2-0; Atlas 
; Atlético Potosino; 2-2; Puebla 
; Atletico Morelia; 1-1; Irapuato 

Round: Week 13
Date: 1/6/1989

; UNAM; 3-9; Tampico Madero 
; UAG; 2-0; Santos Laguna 

Date: 1/7/1989

; Atlas; 0-9; Necaxa 
; Monterrey; 2-2; Atletico Morelia 

Date: 1/8/1989

; Club America; 0-0 ; U de G
; Puebla; 3-0; Toluca 
; Atlético Potosino; 1-1; Atlante 
; UAT; 1-0; Guadalajara 
; Cobras; 1-1; Cruz Azul 
; Irapuato; 0-2; UANL 

Round: Week 14
Date: 1/13/1989

; Necaxa; 4-9; Atlético Potosino 

Date: 1/14/1989

; Cruz Azul; 3-4; UAG 
; UANL; 1-3; Monterrey 
; U de G; 2-2; UAT 

Date: 1/15/1989

; Atlante; 0-2; Puebla 
; Guadalajara; 1-1; UNAM 
; Santos Laguna; 0-0; Atlas 
; Atletico Morelia; 4-0; Cobras 

Date: 1/18/1989

; Club America; 3-0; Toluca 

Date: 1/31/1989

; Tampico Madero; 2-0; Irapuato 

Round: Week 15
Date: 1/20/1989

; UNAM; 1-1; U de G 
; UAG; 2-2; Atletico Morelia 

Date: 1/21/1989

; Monterrey; 3-1; Tampico Madero 
; Atlas; 2-1; Cruz Azul 

Date: 1/22/1989

; Atlante; 2-0; Necaxa 
; Puebla; 3-1; Club America 
; Atlético Potosino; 3-1; Santos Laguna 
; UAT; 2-1; Toluca 
; Cobras; 4-1; UANL 
; Irapuato; 1-1; Guadalajara 

Round: Week 16
Date: 1/27/1989

; Necaxa; 1-0; Puebla 

Date: 1/28/1989

; Cruz Azul; 2-1; Atlético Potosino 
; UANL; 1-1; UAG 
; U de G; 2-0; Irapuato 

Date: 1/29/1989

; Toluca; 0-1; UNAM 
; Club America; 3-1; UAT 
; Guadalajara; 3-1; Monterrey 
; Santos Laguna; 1-0; Atlante 
; Tampico Madero; 3-2; Cobras 
; Atletico Morelia; 3-2; Atlas 

Round: Week 17
Date: 2/3/1989

; UNAM; 1-2; Club America 
; UAG; 0-2; Tampico Madero 

Date: 2/4/1989

; Necaxa; 2-0; Santos Laguna 
; Monterrey; 1-1; U de G 
; Atlas; 1-1; UANL 

Date: 2/5/1989

; Atlante; 2-2; Cruz Azul 
; Puebla; 2-2; UAT 
; Cobras; 1-1; Guadalajara 
; Irapuato; 1-3; Toluca 
; Atlético Potosino; 0-0; Atletico Morelia 

Round: Week 18
Date: 2/10/1989

; Club America; 3-0; Irapuato 

Date: 2/11/1989

; Cruz Azul; 2-0; Necaxa 
; UANL; 2-1; Atlético Potosino 
; U de G; 1-2; Cobras 

Date: 2/12/1989

; Toluca; 3-3; Monterrey 
; Puebla; 6-0; Santos Laguna 
; Guadalajara; 2-2; UAG 
; UAT; 2-0; UNAM 
; Tampico Madero; 2-1; Atlas 
; Atletico Morelia; 1-0; Atlante 

Round: Week 19
Date: 2/17/1989

; UNAM; 1-1; Puebla 
; UAG; 2-1; U de G 

Date: 2/18/1989

; Monterrey; 1-1; Club America 
; Atlas; 2-2; Guadalajara 
; Necaxa; 1-1; Atletico Morelia 

Date: 2/19/1989

; Atlante; 3-0; UANL 
; Santos Laguna; 1-1; Cruz Azul 
; Atlético Potosino; 2-1; Tampico Madero 
; Cobras; 1-1; Toluca 
; Irapuato; 1-1; UAT 

Round: Week 20
Date: 2/24/1989

; Atlante; 0-0; Tampico Madero 
; UAG; 1-1; Toluca 

Date: 2/25/1989

; Cruz Azul; 0-0; Puebla 
; Monterrey; 0-1; UAT 
; Atlas; 0-2; U de G 

Date: 2/26/1989

; Necaxa; 3-0; UANL 
; Atlético Potosino; 0-1; Guadalajara 
; Cobras; 3-2; Club America 
; Irapuato; 1-0; UNAM 
; Atletico Morelia; 0-0; Santos Laguna 

Round: Week 21
Date: 3/1/1989

; Toluca; 2-1; Atlas 
; UANL; 1-1; Santos Laguna 
; Club America; 3-0; UAG 
; UNAM; 1-1; Monterrey 
; Puebla; 2-0; Irapuato 
; U de G; 4-2; Atlético Potosino 
; UAT; 1-1; Cobras 
; Atletico Morelia; 3-3; Cruz Azul 

Date: 3/2/1989

; Guadalajara; 2-1; Atlante 
; Tampico Madero; 2-1; Necaxa 

Round: Week 22
Date: 3/4/1989

; Cruz Azul; 4-0; UANL 
; Monterrey; 0-0; Irapuato 
; Atlas; 1-5; Club America 

Date: 3/5/1989

; Necaxa; 1-0; Guadalajara 
; UAG; 3-0; UAT 
; Cobras; 1-3; UNAM 
; Atlético Potosino; 2-0; Toluca 
; Santos Laguna; 0-0; Tampico Madero 
; Atletico Morelia; 2-1; Puebla 

Date: 3/8/1989

; Atlante; 2-1; U de G 

Round: Week 23
Date: 3/10/1989

; Club America; 4-0; Atlético Potosino 

Date: 3/11/1989

; Puebla; 3-0; Monterrey 
; U de G; 1-0; Necaxa 
; UANL; 2-1; Atletico Morelia 

Date: 3/12/1989

; Toluca; 1-1; Atlante 
Javier Barajas 87; Dante Juárez 72

; UNAM; 1-0; UAG 
Manuel Negrete 65;

; Guadalajara; 5-2; Santos Laguna 
; UAT; 2-0; Atlas 
; Tampico Madero; 5-0; Cruz Azul 
Sergio Lira (pk) 9, Mario Hernández 17, Eduardo Bacas 37, Reinaldo Güeldini 49, Aurelio Rivera 80;

; Irapuato; 4-0; Cobras 

Round: Week 24
Date: 3/17/1989

; Necaxa; 0-0; Toluca 
; UAG; 2-2; Irapuato 
; Atlético Potosino; 2-1; UAT 

Date: 3/18/1989

; Cruz Azul; 0-1; Guadalajara 
; UANL; 0-0; Puebla 
; Atlas; 1-0; UNAM 

Date: 3/19/1989

; Atlante; 3-0; Club America 
; Santos Laguna; 0-1; U de G 
; Cobras; 2-2; Monterrey 
; Atletico Morelia; 1-0; Tampico Madero 

Round: Week 25
Date: 3/22/1989

; Club America; 0-2; Necaxa 
; Roberto Alderete 24, Ismael Herrera 78

Date: 3/25/1989

; Monterrey; 3-2; UAG 
; Puebla; 3-0; Cobras 
; U de G; 1-1; Cruz Azul 

Date: 3/26/1989

; Toluca; 2-0; Santos Laguna 
; UNAM; 0-0; Atlético Potosino 
; UAT; 2-1; Atlante 
; Tampico Madero; 3-0; UANL 
; Irapuato; 1-0; Atlas 
; Guadalajara; 2-1; Atletico Morelia 

Round: Week 26
Date: 3/31/1989

; Necaxa; 3-1; UAT 
; UAG; 0-0; Cobras 
; Atlético Potosino; 1-0; Irapuato 

Date: 4/1/1989

; Cruz Azul; 4-2; Toluca 
; UANL; 1-0; Guadalajara 
; Atlas; 2-0; Monterrey 
; Tampico Madero; 5-1; Puebla 

Date: 4/2/1989

; Atlante; 1-0; UNAM 
; Santos Laguna; 1-2; Club America 
; Atletico Morelia; 1-2; U de G 

Round: Week 27
Date: 4/5/1989

; UAT; 0-0; Santos Laguna 
; Irapuato; 2-0; Atlante 
; Cobras; 3-0; Atlas 
; Club America; 1-2; Cruz Azul 
; U de G; 0-0; UANL 
; Monterrey; 1-1; Atlético Potosino 
; Puebla; 4-1; UAG 

Date: 4/6/1989

; Guadalajara; 4-1; Tampico Madero 
; UNAM; 0-0; Necaxa 

Date: 4/12/1989

; Toluca; 1-0; Atletico Morelia 

Round: Week 28
Date: 4/8/1989

; Cruz Azul; 3-2; UAT 
; UANL; 2-0; Toluca 
; Atlas; 0-0; UAG 
; Tampico Madero; 5-1; U de G 

Date: 4/9/1989

; Atlante; 3-2; Monterrey 
; Guadalajara; 2-1; Puebla 
; Atlético Potosino; 1-2; Cobras 
; Santos Laguna; 0-0; UNAM 
; Atletico Morelia; 2-1; Club America 

Date: 4/10/1989

; Necaxa; 2-0; Irapuato 

Round: Week 29
Date: 4/14/1989

; Club America; 4-0; UANL 
; UAG; 1-0; Atlético Potosino 

Date: 4/15/1989

; Monterrey; 0-1; Necaxa 
; Cobras; 1-1; Atlante 
; U de G; 1-0; Guadalajara 
; Puebla; 3-1; Atlas 

Date: 4/16/1989

; Toluca; 4-2; Tampico Madero 
; UNAM; 1-2; Cruz Azul 
; Irapuato; 3-2; Santos Laguna 
; UAT; 3-2; Atletico Morelia 

Round: Week 30
Date: 4/21/1989

; Necaxa; 1-1; Cobras 
; Atlético Potosino; 1-2; Atlas 

Date: 4/22/1989

; Cruz Azul; 2-1; Irapuato 
; UANL; 1-0; UAT 
; U de G; 0-4; Puebla 
; Tampico Madero; v; Club America
Notes: Abandoned at 24 due to croud trouble, the 66 minutes left were played on May 10

Date: 4/23/1989

; Atlante; 1-0; UAG 
; Guadalajara; 2-1; Toluca 
; Santos Laguna; 2-0; Monterrey 
; Atletico Morelia; 1-0; UNAM 

Date: 5/10/1989

; Tampico Madero; 2-0; Club America 
Notes: Continuation of a game abandoned due to crow trouble on 4/22.

Round: Week 31
Date: 4/28/1989

; UAG; 2-3; Necaxa 

Date: 4/29/1989

; UNAM; 1-1; UANL 
; Monterrey; 1-4; Cruz Azul 
; Cobras; 2-2; Santos Laguna 
; Atlas; 0-2; Atlante 

Date: 4/30/1989

; Toluca; 0-0; U de G 
; Club America; 3-1; Guadalajara 
; Puebla; 4-0; Atlético Potosino 
; UAT; 2-2; Tampico Madero 
; Irapuato; 1-1; Atletico Morelia 

Round: Week 32
Date: 5/5/1989

; Atlante; 1-0; Atlético Potosino 

Date: 5/6/1989

; Cruz Azul; 1-1; Cobras 
; UANL; 0-0; Irapuato 
; U de G; 1-0; Club America 
; Tampico Madero; 1-1; UNAM 

Date: 5/7/1989

; Toluca; 0-1; Puebla 
; Necaxa; 6-0; Atlas 
; Guadalajara; 4-2; UAT 
; Santos Laguna; 1-1; UAG 
; Atletico Morelia; 1-1; Monterrey 

Round: Week 33
Date: 5/12/1989

; UAG; 1-4; Cruz Azul 
; Atlético Potosino; 0-0; Necaxa 

Date: 5/13/1989

; Monterrey; 1-0; UANL 
; Atlas; 1-1; Santos Laguna 
; Cobras; 0-0; Atletico Morelia 

Date: 5/14/1989

; UNAM; 0-3; Guadalajara 
; Puebla; 1-1; Atlante 
; Toluca; 0-2; Club America 
; UAT; 0-1; U de G 
; Irapuato; 1-2; Tampico Madero 

Round: Week 34
Date: 5/19/1989

; Club America; 0-1; Puebla 

Date: 5/20/1989

; Cruz Azul; 5-0; Atlas 
; UANL; 3-2; Cobras 
; U de G; 1-0; UNAM 
; Tampico Madero; 4-2; Monterrey 

Date: 5/21/1989

; Toluca; 4-1; UAT 
; Necaxa; 3-1; Atlante 
; Guadalajara; 3-0; Irapuato 
; Santos Laguna; 3-1; Atlético Potosino 
; Atletico Morelia; 4-2; UAG 

Round: Week 35
Date: 5/26/1989

; UAG; 1-1; UANL 
; Atlético Potosino; 0-2; Cruz Azul 

Date: 5/27/1989

; UNAM; 1-1; Toluca 
; Monterrey; 1-1; Guadalajara 
; Cobras; 3-5; Tampico Madero 
; Atlas; 2-2; Atletico Morelia 

Date: 5/28/1989

; Atlante; 4-2; Santos Laguna 
; Puebla; 2-2; Necaxa 
; UAT; 0-0; Club America 
; Irapuato; 4-2; U de G 

Round: Week 36
Date: 6/3/1989

; Cruz Azul; 0-3; Atlante 
; UANL; 1-0; Atlas 
; Tampico Madero; 1-3; UAG 
; U de G; 2-2; Monterrey 

Date: 6/4/1989

; Toluca; 3-3; Irapuato 
; Club America; 0-1; UNAM 
; Guadalajara; 3-0; Cobras 
; UAT; 1-1; Puebla 
; Santos Laguna; 0-0; Necaxa 
; Atletico Morelia; 4-0; Atlético Potosino 

Round: Week 37
Date: 6/9/1989

; UAG; 1-1; Guadalajara 
; Atlético Potosino; 1-0; UANL 
; Atlante; 4-3; Atletico Morelia 

Date: 6/10/1989

; Necaxa; 4-1; Cruz Azul 
; Monterrey; 0-2; Toluca 
; Cobras; 2-1; U de G 
; Atlas; 2-4; Tampico Madero 

Date: 6/11/1989

; UNAM; 3-0; UAT 
; Irapuato; 1-1; Club America 
; Santos Laguna; 1-4; Puebla 

Round: Week 38
Date: 6/17/1989

; Cruz Azul; 1-0; Santos Laguna 
; UANL; 2-2; Atlante 
; U de G; 3-1; UAG 
; Puebla; 1-1; UNAM 

Date: 6/18/1989

; UAT; 1-1; Irapuato 
; Toluca; 1-1; Cobras 
; Club America; 3-1; Monterrey 
; Guadalajara; 3-0; Atlas 
; Tampico Madero; 4-0; Atlético Potosino 
; Atletico Morelia; 2-1; Necaxa 

*Final Table
*Group I
**Club America                38      17      9       12      58:39   +19     43
**Cruz Azul                      38      16      11      11      68:59   +9      43
*Toluca                                          38      11      10      17      58:67   -9      32
*Irapuato                                                38      9       14      15      43:57   -14     32
*Monterrey                                                       38      7       15      16      44:66   -22     29
*
*Group II
**Puebla                 38      20      13      5       73:31   +42     53
**Atlante                        38      20      9       9       59:41   +18     49
*U de G                                          38      15      11      12      48:51   -3      41
*UANL                                                    38      11      11      16      38:61   -23     33
*Santos Laguna                                                   38      7       15      16      31:56   -25     29
*
*Group III
**Tampico Madero         38      20      7       11      87:56   +31     47
**Guadalajara                    38      19      9       10      66:43   +23     47
*Necaxa                                          38      17      11      10      57:38   +19     45
*Atletico Morelia                                38      12      17      9       60:53   +7      41
*+Atlético Potosino                              38      6       10      22      31:68   -37     22
*
*Group IV
**UNAM           38      13      15      10      42:30   +12     41
**UAG                            38      13      12      13      51:51   0       38
*Ciudad Juárez                           38      8       19      11      44:56   -12     35
*UAT                                             38      11      12      15      48:58   -10     34
*Atlas                                                           38      9       8       21      47:73   -26     26
**Qualified to playoffs
*+Relegated


*Prepared and maintained by Erik Francisco Lugo for the Rec.Sport.Soccer Statistics Foundation
*Author: Erik Francisco Lugo (eaglelugo@yahoo.com.mx) 
*Last updated: 21 Dec 2009
*(C) Copyright Erik Francisco Lugo and RSSSF 2009
*You are free to copy this document in whole or part provided that proper acknowledgement is given to the author. All rights reserved.

