
Competition: Independence Centenary Games
Season: 1921
14-Sep-1921; Costa Rica;     Guatemala City, Gua.   ; El Salvador           ;  7-0     
18-Sep-1921; Costa Rica;     Guatemala City, Gua.   ; Guatemala             ;  6-0     

Competition: Central American & Caribbean Games
17-Mar-1930; Costa Rica;     Havana, Cuba           ; Guatemala             ;  8-1     
22-Mar-1930; Costa Rica;     Havana, Cuba           ; El Salvador           ;  9-2
26-Mar-1930; Costa Rica;     Havana, Cuba           ; El Salvador           ;  5-0
30-Mar-1930; Costa Rica;     Havana, Cuba           ; Cuba                  ;  1-2
 4-Apr-1930; Costa Rica;     Havana, Cuba           ; Honduras              ;  8-0
25-Mar-1935; Costa Rica;     San Salvador, ES.      ; Guatemala             ;  4-3
30-Mar-1935; Costa Rica;     San Salvador, ES.      ; El Salvador           ;  6-1
31-Mar-1935; Costa Rica;     San Salvador, ES.      ; Cuba                  ;  2-1
 2-Apr-1935; Costa Rica;     San Salvador, ES.      ; Mexico                ;  0-2
 3-Apr-1935; Costa Rica;     San Salvador, ES.      ; Honduras              ;  6-0
12-Feb-1938; Costa Rica;     Panama City, Pan.      ; El Salvador           ;  7-0
16-Feb-1938; Costa Rica;     Panama City, Pan.      ; Panama                ; 11-0
18-Feb-1938; Costa Rica;     Panama City, Pan.      ; Colombia              ;  3-1
20-Feb-1938; Costa Rica;     Panama City, Pan.      ; Venezuela             ;  3-0
22-Feb-1938; Costa Rica;     Panama City, Pan.      ; Mexico                ;  1-2

Competition: Friendly
25-Feb-1940; Costa Rica;     San Salvador, ES.      ; El Salvador           ;  2-3     
10-Mar-1940; Costa Rica;     San Salvador, ES.      ; El Salvador           ;  1-0     

Competition: CCCF Championship
10-May-1941; Costa Rica;     San Jose               ; Nicaragua             ;  7-2     
11-May-1941; Costa Rica;     San Jose               ; Panama                ;  7-0
13-May-1941; Costa Rica;     San Jose               ; Dutch Antilles        ;  6-2
18-May-1941; Costa Rica;     San Jose               ; El Salvador           ;  3-1
 5-Dec-1943; Costa Rica;     San Salvador, ES.      ; Nicaragua             ;  7-0
 7-Dec-1943; Costa Rica;     San Salvador, ES.      ; Guatemala             ;  2-3
 9-Dec-1943; Costa Rica;     San Salvador, ES.      ; El Salvador           ;  2-4
12-Dec-1943; Costa Rica;     San Salvador, ES.      ; Nicaragua             ;  3-2
16-Dec-1943; Costa Rica;     San Salvador, ES.      ; Guatemala             ;  2-4
19-Dec-1943; Costa Rica;     San Salvador, ES.      ; El Salvador           ;  4-2
23-Feb-1946; Costa Rica;     San Jose               ; Nicaragua             ;  7-1
26-Feb-1946; Costa Rica;     San Jose               ; Panama                ;  7-0
 6-Mar-1946; Costa Rica;     San Jose               ; Honduras              ;  5-1
10-Mar-1946; Costa Rica;     San Jose               ; Guatemala             ;  1-4
13-Mar-1946; Costa Rica;     San Jose               ; El Salvador           ;  4-0

Competition: Central American & Caribbean Games
10-Dec-1946; Costa Rica;     Barranquilla, Col.     ; Puerto Rico           ; 12-0     
14-Dec-1946; Costa Rica;     Barranquilla, Col.     ; Venezuela             ;  4-2
16-Dec-1946; Costa Rica;     Barranquilla, Col.     ; Guatemala             ;  6-0
18-Dec-1946; Costa Rica;     Barranquilla, Col.     ; Colombia              ;  1-4
20-Dec-1946; Costa Rica;     Barranquilla, Col.     ; Dutch Antilles        ;  2-4
21-Dec-1946; Costa Rica;     Barranquilla, Col.     ; Panama                ;  0-2

Competition: CCCF Championship
29-Feb-1948; Costa Rica;     Guatemala City, Gua.   ; El Salvador           ;  3-1     
 1-Mar-1948; Costa Rica;     Guatemala City, Gua.   ; Panama                ;  7-0
 3-Mar-1948; Costa Rica;     Guatemala City, Gua.   ; Guatemala             ;  1-1
 6-Mar-1948; Costa Rica;     Guatemala City, Gua.   ; Dutch Antilles        ;  2-1
10-Mar-1948; Costa Rica;     Guatemala City, Gua.   ; Panama                ;  3-1
17-Mar-1948; Costa Rica;     Guatemala City, Gua.   ; Guatemala             ;  2-3
18-Mar-1948; Costa Rica;     Guatemala City, Gua.   ; El Salvador           ;  6-0
20-Mar-1948; Costa Rica;     Guatemala City, Gua.   ; Dutch Antilles        ;  1-4

Competition: Central American & Caribbean Games
26-Feb-1950; Costa Rica;     Guatemala City, Gua.   ; El Salvador           ;  1-0     
27-Feb-1950; Costa Rica;     Guatemala City, Gua.   ; Dutch Antilles        ;  1-0

Competition: CCCF Championship
25-Feb-1951; Costa Rica;     Panama City, Pan.      ; Nicaragua             ;  8-1     
27-Feb-1951; Costa Rica;     Panama City, Pan.      ; Panama                ;  0-2
 2-Mar-1951; Costa Rica;     Panama City, Pan.      ; Panama                ;  1-1
 3-Mar-1951; Costa Rica;     Panama City, Pan.      ; Nicaragua             ;  4-1

Competition: Panamerican Games
 5-Mar-1951; Costa Rica;     Buenos Aires, Arg.     ; Venezuela             ;  3-1     

Competition: CCCF Championship
 8-Mar-1953; Costa Rica;     San Jose               ; El Salvador           ;  5-1     
10-Mar-1953; Costa Rica;     San Jose               ; Panama                ;  3-0
13-Mar-1953; Costa Rica;     San Jose               ; Honduras              ;  4-1
15-Mar-1953; Costa Rica;     San Jose               ; Dutch Antilles        ;  1-0
17-Mar-1953; Costa Rica;     San Jose               ; Nicaragua             ;  3-0
22-Mar-1953; Costa Rica;     San Jose               ; Guatemala             ;  3-0

Competition: Friendly
24-Jul-1955; Costa Rica;     San Jose               ; Guatemala             ;  9-1     
31-Jul-1955; Costa Rica;     Guatemala City, Gua.   ; Guatemala             ;  1-3     

Competition: CCCF Championship
14-Aug-1955; Costa Rica;     Tegucigalpa, Hon.      ; Aruba                 ;  3-2     
16-Aug-1955; Costa Rica;     Tegucigalpa, Hon.      ; Cuba                  ;  6-0
19-Aug-1955; Costa Rica;     Tegucigalpa, Hon.      ; El Salvador           ;  4-0
21-Aug-1955; Costa Rica;     Tegucigalpa, Hon.      ; Guatemala             ;  2-0
24-Aug-1955; Costa Rica;     Tegucigalpa, Hon.      ; Dutch Antilles        ;  2-1
28-Aug-1955; Costa Rica;     Tegucigalpa, Hon.      ; Honduras              ;  2-1

Competition: Panamerican Championship
26-Feb-1956; Costa Rica;     Mexico City, Mex.      ; Mexico                ;  1-1     
 6-Mar-1956; Costa Rica;     Mexico City, Mex.      ; Argentina             ;  3-4
 8-Mar-1956; Costa Rica;     Mexico City, Mex.      ; Chile                 ;  2-1
13-Mar-1956; Costa Rica;     Mexico City, Mex.      ; Brazil                ;  1-7
17-Mar-1956; Costa Rica;     Mexico City, Mex.      ; Peru                  ;  4-2

Competition: World Cup Qualifying
10-Feb-1957; Costa Rica;     Guatemala City, Gua.   ; Guatemala             ;  6-2
17-Feb-1957; Costa Rica;     San Jose               ; Guatemala             ;  3-1
 3-Mar-1957; Costa Rica;     San Jose               ; Dutch Antilles        ;  4-0
 4-Aug-1957; Costa Rica;     Willemstad, DA.        ; Dutch Antilles        ;  2-1
20-Oct-1957; Costa Rica;     Mexico City, Mex.      ; Mexico                ;  0-2
27-Oct-1957; Costa Rica;     San Jose               ; Mexico                ;  1-1

Competition: Juan Santamaria Cup
 1-Mar-1959; Costa Rica;     Mexico City, Mex.      ; Mexico                ;  1-3     
 8-Mar-1959; Costa Rica;     San Jose               ; Mexico                ;  1-2

Competition: Revolution Cup
14-Dec-1959; Costa Rica;     San Salvador, ES.      ; Honduras              ;  6-1

Competition: CCCF Championship
14-Feb-1960; Costa Rica;     Havana, Cuba           ; Dutch Antilles        ;  1-1     
17-Feb-1960; Costa Rica;     Havana, Cuba           ; Surinam               ;  3-1
21-Feb-1960; Costa Rica;     Havana, Cuba           ; Cuba                  ;  5-0
25-Feb-1960; Costa Rica;     Havana, Cuba           ; Honduras              ;  1-1
29-Feb-1960; Costa Rica;     Havana, Cuba           ; Dutch Antilles        ;  4-0

Competition: Panamerican Championship
 8-Mar-1960; Costa Rica;     San Jose               ; Argentina             ;  0-0     
10-Mar-1960; Costa Rica;     San Jose               ; Brazil                ;  3-0
13-Mar-1960; Costa Rica;     San Jose               ; Mexico                ;  1-1
15-Mar-1960; Costa Rica;     San Jose               ; Argentina             ;  0-2
17-Mar-1960; Costa Rica;     San Jose               ; Brazil                ;  0-4
19-Mar-1960; Costa Rica;     San Jose               ; Mexico                ;  0-3

Competition: World Cup Qualifying
21-Aug-1960; Costa Rica;     San Jose               ; Guatemala             ;  3-2
28-Aug-1960; Costa Rica;     Guatemala City, Gua.   ; Guatemala             ;  4-4
 4-Sep-1960; Costa Rica;     Tegucigalpa, Hon.      ; Honduras              ;  1-2
11-Sep-1960; Costa Rica;     San Jose               ; Honduras              ;  5-0
14-Jan-1961; Costa Rica;     Guatemala City, Gua.   ; Honduras              ;  1-0

Competition: CCCF Championship
 5-Mar-1961; Costa Rica;     San Jose               ; Cuba                  ;  4-1     
 8-Mar-1961; Costa Rica;     San Jose               ; Panama                ;  6-1
11-Mar-1961; Costa Rica;     San Jose               ; Haiti                 ;  3-0
14-Mar-1961; Costa Rica;     San Jose               ; Guatemala             ;  4-2
15-Mar-1961; Costa Rica;     San Jose               ; Honduras              ;  3-0
17-Mar-1961; Costa Rica;     San Jose               ; El Salvador           ;  4-0
19-Mar-1961; Costa Rica;     San Jose               ; Haiti                 ;  8-0

Competition: World Cup Qualifying
22-Mar-1961; Costa Rica;     San Jose               ; Mexico                ;  1-0
29-Mar-1961; Costa Rica;     San Jose               ; Dutch Antilles        ;  6-0
12-Apr-1961; Costa Rica;     Mexico City, Mex.      ; Mexico                ;  1-4
23-Apr-1961; Costa Rica;     Willemstad, DA.        ; Dutch Antilles        ;  0-2

Competition: CONCACAF  Championship
24-Mar-1963; Costa Rica;     Santa Ana, ES.         ; Jamaica               ;  6-0     
28-Mar-1963; Costa Rica;     Santa Ana, ES.         ; Dutch Antilles        ;  1-0
30-Mar-1963; Costa Rica;     Santa Ana, ES.         ; Mexico                ;  0-0
 3-Apr-1963; Costa Rica;     San Salvador, ES.      ; El Salvador           ;  4-1
 5-Apr-1963; Costa Rica;     San Salvador, ES.      ; Dutch Antilles        ;  1-0
 7-Apr-1963; Costa Rica;     San Salvador, ES.      ; Honduras              ;  2-1

Competition: Friendly
 1-Sep-1963; Costa Rica;     Bogotá, Col.           ; Colombia              ;  5-4     
 4-Sep-1963; Costa Rica;     Cali, Col.             ; Colombia              ;  0-1     
22-Feb-1965; Costa Rica;     San Jose               ; Trinidad & Tobago     ;  1-0     

Competition: World Cup Qualifying
12-Feb-1965; Costa Rica;     San Jose               ; Surinam               ;  1-0
21-Feb-1965; Costa Rica;     San Jose               ; Trinidad & Tobago     ;  4-0
28-Feb-1965; Costa Rica;     Paramaribo, Sur.       ; Surinam               ;  3-1
 7-Mar-1965; Costa Rica;     Port of Spain, TT.     ; Trinidad & Tobago     ;  1-0

Competition: Friendly
 9-Mar-1965; Costa Rica;     Willemstad, DA.        ; Dutch Antilles        ;  2-1     
17-Mar-1965; Costa Rica;     San Jose               ; Paraguay              ;  1-0     
19-Mar-1965; Costa Rica;     San Jose               ; Paraguay              ;  0-0     

Competition: CONCACAF Championship
28-Mar-1965; Costa Rica;     Guatemala City, Gua.   ; Dutch Antilles        ;  6-0
30-Mar-1965; Costa Rica;     Guatemala City, Gua.   ; Haiti                 ;  3-1
 1-Apr-1965; Costa Rica;     Guatemala City, Gua.   ; Guatemala             ;  0-0
 6-Apr-1965; Costa Rica;     Guatemala City, Gua.   ; Mexico                ;  1-1
 8-Apr-1965; Costa Rica;     Guatemala City, Gua.   ; El Salvador           ;  1-2

Competition: World Cup Qualifying
25-Apr-1965; Costa Rica;     San Jose               ; Mexico                ;  0-0
11-May-1965; Costa Rica;     San Jose               ; Jamaica               ;  7-0
16-May-1965; Costa Rica;     Mexico City, Mex.      ; Mexico                ;  0-1
22-May-1965; Costa Rica;     Kingston, Jam.         ; Jamaica               ;  1-1

Competition: Olympic Games Qualifying
 8-Oct-1967; Costa Rica;     San Jose               ; Haiti                 ;  3-1
 9-Dec-1967; Costa Rica;     Port-au-Prince, Hai.   ; Haiti                 ;  2-3
26-May-1968; Costa Rica;     Guatemala City, Gua.   ; Guatemala             ;  0-1
 2-Jun-1968; Costa Rica;     San Jose               ; Guatemala             ;  3-2

Competition: Friendly
11-Jul-1965; Costa Rica;     Tegucigalpa, Hon.      ; Honduras              ;  1-1     
29-Oct-1967; Costa Rica;     San Salvador, ES.      ; El Salvador           ;  1-3     
11-Sep-1968; Costa Rica;     San Salvador, ES.      ; El Salvador           ;  1-1     
 4-Oct-1968; Costa Rica;     Willemstad, DA.        ; Dutch Antilles        ;  1-1     
14-Nov-1968; Costa Rica;     San Jose               ; El Salvador           ;  3-0     
14-Sep-1969; Costa Rica;     San Salvador, ES.      ; El Salvador           ;  1-2     

Competition: World Cup Qualifying
27-Nov-1968; Costa Rica;     San Jose               ; Jamaica               ;  3-0
 1-Dec-1968; Costa Rica;     San Jose               ; Jamaica               ;  3-1
22-Dec-1968; Costa Rica;     Tegucigalpa, Hon.      ; Honduras              ;  0-1
29-Dec-1968; Costa Rica;     San Jose               ; Honduras              ;  1-1


Competition: CONCACAF Championship
23-Nov-1969; Costa Rica;     San Jose               ; Jamaica               ;  3-0
27-Nov-1969; Costa Rica;     San Jose               ; Dutch Antilles        ;  2-1
30-Nov-1969; Costa Rica;     San Jose               ; Mexico                ;  2-0
 4-Dec-1969; Costa Rica;     San Jose               ; Trinidad & Tobago     ;  5-0
 7-Dec-1969; Costa Rica;     San Jose               ; Guatemala             ;  1-1
20-Nov-1971; Costa Rica;     Port of Spain, TT.     ; Cuba                  ;  3-0
24-Nov-1971; Costa Rica;     Port of Spain, TT.     ; Haiti                 ;  0-0
27-Nov-1971; Costa Rica;     Port of Spain, TT.     ; Honduras              ;  2-1
 2-Dec-1971; Costa Rica;     Port of Spain, TT.     ; Mexico                ;  0-1
 5-Dec-1971; Costa Rica;     Port of Spain, TT.     ; Trinidad & Tobago     ;  1-3

Competition: Friendly
26-Feb-1970; Costa Rica;     San Jose               ; El Salvador           ;  2-0     
 6-Aug-1972; Costa Rica;     San Jose               ; Mexico                ;  1-0     
 1-Oct-1972; Costa Rica;     San Jose               ; El Salvador           ;  2-0     
 8-Oct-1972; Costa Rica;     San Jose               ; El Salvador           ;  1-0     
12-Oct-1972; Costa Rica;     Mexico City, Mex.      ; Mexico                ;  1-3     
15-Oct-1972; Costa Rica;     Guatemala City, Gua.   ; Guatemala             ;  0-0     
12-Nov-1972; Costa Rica;     San Jose               ; Guatemala             ;  1-1     

Competition; World Cup Qualifying
 3-Dec-1972; Costa Rica;     Tegucigalpa, Hon.      ; Honduras              ;  1-2
10-Dec-1972; Costa Rica;     San Jose               ; Honduras              ;  3-3

Competition: Friendly
13-Jun-1975; Costa Rica;     Panama City, Pan.      ; Panama                ;  1-1     

Competition: Olympic Games Qualifying
27-Jul-1975; Costa Rica;     San Jose               ; El Salvador           ;  1-0
 3-Aug-1975; Costa Rica;     San Salvador, ES.      ; El Salvador           ;  2-1

Competition: Mexico City Cup
17-Aug-1975; Costa Rica;     Mexico City, Mex.      ; Mexico                ;  0-7
19-Aug-1975; Costa Rica;     Mexico City, Mex.      ; United States         ;  3-1
28-Aug-1975; Costa Rica;     Mexico City, Mex.      ; Argentina             ;  0-2

Competition: Panamerican Games
15-Oct-1975; Costa Rica;     Mexico City, Mex.      ; Nicaragua             ;  5-1
17-Oct-1975; Costa Rica;     Mexico City, Mex.      ; El Salvador           ;  0-0
19-Oct-1975; Costa Rica;     Toluca, Mex.           ; Cuba                  ;  1-0

Competition: Olympic Games Qualifying
30-Nov-1975; Costa Rica;     San Jose               ; Guatemala             ;  1-1
 7-Dec-1975; Costa Rica;     Guatemala City, Gua.   ; Guatemala             ;  1-2

Competition: Friendly
30-Jun-1976; Costa Rica;     Guatemala City, Gua.   ; Guatemala             ;  0-1     

Competition: World Cup Qualifying
 4-Apr-1976; Costa Rica;     Panama City, Pan.      ; Panama                ;  2-3
11-Jul-1976; Costa Rica;     San Jose               ; Panama                ;  3-0
 1-Dec-1976; Costa Rica;     San Salvador, ES.      ; El Salvador           ;  1-1
 5-Dec-1976; Costa Rica;     San Jose               ; Guatemala             ;  0-0
12-Dec-1976; Costa Rica;     Guatemala City, Gua.   ; Guatemala             ;  1-1
15-Dec-1976; Costa Rica;     San Jose               ; El Salvador           ;  1-1

Competition: Olympic Games Qualifying
22-May-1979; Costa Rica;     San Jose               ; Panama                ;  4-0
25-May-1979; Costa Rica;     San Jose               ; Panama                ;  2-0

Competition: Panamerican Games
 4-Jul-1979; Costa Rica;     San Juan, PR.          ; Bermuda               ;  3-1
12-Jul-1979; Costa Rica;     San Juan, PR.          ; Puerto Rico           ;  4-0

Competition: Olympic Games Qualifying
25-Jul-1979; Costa Rica;     San Jose               ; Guatemala             ;  1-2
 5-Aug-1979; Costa Rica;     Guatemala City, Gua.   ; Guatemala             ;  1-0
26-Aug-1979; Costa Rica;     San Salvador, ES.      ; Guatemala             ;  1-0
12-Mar-1980; Costa Rica;     San Jose               ; Surinam               ;  3-2
30-Mar-1980; Costa Rica;     Paramaribo, Sur.       ; Surinam               ;  3-2

Competition: Friendly
 6-Mar-1980; Costa Rica;     Tegucigalpa, Hon.      ; Honduras              ;  1-1     
16-Apr-1980; Costa Rica;     San Jose               ; Honduras              ;  1-1     
20-May-1980; Costa Rica;     Guatemala City, Gua.   ; Guatemala             ;  0-0     
29-May-1980; Costa Rica;     San Jose               ; Guatemala             ;  2-1     
24-Jun-1980; Costa Rica;     San Jose               ; Cuba                  ;  3-0     
 1-Jul-1980; Costa Rica;     Merida, Ven.           ; Venezuela             ;  0-2     
 5-Jul-1980; Costa Rica;     Valera, Ven.           ; Venezuela             ;  1-1     

Competition: World Cup Qualifying
10-Aug-1980; Costa Rica;     Panama City, Pan.      ; Panama                ;  1-1    
 1-Oct-1980; Costa Rica;     San Jose               ; Honduras              ;  2-3    
12-Oct-1980; Costa Rica;     Guatemala City, Gua.   ; Guatemala             ;  0-0    
26-Oct-1980; Costa Rica;     San Salvador, ES.      ; El Salvador           ;  0-2(a) 
 5-Nov-1980; Costa Rica;     San Jose               ; Panama                ;  2-0    
16-Nov-1980; Costa Rica;     Tegucigalpa, Hon.      ; Honduras              ;  1-1    
26-Nov-1980; Costa Rica;     San Jose               ; Guatemala             ;  0-3    
10-Dec-1980; Costa Rica;     San Jose               ; El Salvador           ;  0-0    

Competition: Friendly
15-Mar-1983; Costa Rica;     San Jose               ; Mexico                ;  0-1     
22-Mar-1983; Costa Rica;     Mexico City, Mex.      ; Mexico                ;  0-1     

Competition: Olympic Games Qualifying
11-May-1983; Costa Rica;     Tegucigalpa, Hon.      ; Honduras              ;  1-0   
18-May-1983; Costa Rica;     San Jose               ; Honduras              ;  3-2   

Competition: Friendly
 2-Aug-1983; Costa Rica;     Alajuela               ; Cuba                  ;  3-0     
 4-Aug-1983; Costa Rica;     San Jose               ; Cuba                  ;  2-0     
 9-Aug-1983; Costa Rica;     San Jose               ; South Korea           ;  1-1     

Competition: Olympic Games Qualifying
23-Oct-1983; Costa Rica;     San Jose               ; Guatemala             ;  1-0   
30-Oct-1983; Costa Rica;     Guatemala City, Gua.   ; Guatemala             ;  1-1   
 2-Mar-1984; Costa Rica;     San Jose               ; Cuba                  ;  1-0   
16-Mar-1984; Costa Rica;     Havana, Cuba           ; Cuba                  ;  0-0   

Competition: Friendly
24-Mar-1984; Costa Rica;     Panama City, Pan.      ; Panama                ;  1-1     
 6-Feb-1985; Costa Rica;     San Jose               ; El Salvador           ;  2-1     
13-Feb-1985; Costa Rica;     San Salvador, ES.      ; El Salvador           ;  0-1     
17-Feb-1985; Costa Rica;     Guatemala City, Gua.   ; Guatemala             ;  0-1     
 6-Mar-1985; Costa Rica;     San Jose               ; Guatemala             ;  2-0     
21-Mar-1985; Costa Rica;     San Jose               ; Canada                ;  1-0     
24-Mar-1985; Costa Rica;     San Jose               ; Canada                ;  0-0     

Competition: World Cup Qualifying
24-Apr-1985; Costa Rica;     San Jose               ; Trinidad & Tobago     ;  3-0  
28-Apr-1985; Costa Rica;     San Jose               ; Trinidad & Tobago     ;  1-1  
26-May-1985; Costa Rica;     Alajuela               ; United States         ;  1-1  
31-May-1985; Costa Rica;     Los Angeles, USA.      ; United States         ;  1-0  
11-Aug-1985; Costa Rica;     San Jose               ; Honduras              ;  2-2  
17-Aug-1985; Costa Rica;     Toronto, Can.          ; Canada                ;  1-1  
 1-Sep-1985; Costa Rica;     San Jose               ; Canada                ;  0-0  
 8-Sep-1985; Costa Rica;     Tegucigalpa, Hon.      ; Honduras              ;  1-3  

Competition: Friendly
18-Jul-1985; Costa Rica;     San Jose               ; Trinidad & Tobago     ;  3-1     
13-Feb-1987; Costa Rica;     San Jose               ; South Korea           ;  2-1     
 6-Jan-1988; Costa Rica;     Guatemala City, Gua.   ; Guatemala             ;  2-1     
 2-Mar-1988; Costa Rica;     San Jose               ; Guatemala             ;  2-1     
14-Jun-1988; Costa Rica;     Texas, USA.            ; United States         ;  0-1     
17-Jun-1988; Costa Rica;     Montreal, Can.         ; Canada                ;  1-0     
 1-Jul-1988; Costa Rica;     Willemstad, DA.        ; Dutch Antilles        ;  1-1     
 3-Jul-1988; Costa Rica;     Willemstad, DA.        ; Dutch Antilles        ;  0-1     

Competition: World Cup Qualifying
17-Jul-1988; Costa Rica;     Alajuela               ; Panama                ;  1-1  
31-Jul-1988; Costa Rica;     Panama City, Pan.      ; Panama                ;  2-0  

Competition: Friendly
 7-Feb-1989; Costa Rica;     San Jose               ; Poland                ;  2-4     

Competition: Camel Cup
21-Feb-1989; Costa Rica;     Los Angeles, USA.      ; El Salvador           ;  1-2  
23-Feb-1989; Costa Rica;     Los Angeles, USA.      ; Guatemala             ;  2-3  

Competition: World Cup Qualifying
19-Mar-1989; Costa Rica;     Guatemala City, Gua.   ; Guatemala             ;  0-1   
 2-Apr-1989; Costa Rica;     San Jose               ; Guatemala             ;  2-1   
16-Apr-1989; Costa Rica;     San Jose               ; United States         ;  1-0   
30-Apr-1989; Costa Rica;     St. Louis, USA.        ; United States         ;  0-1   
28-May-1989; Costa Rica;     Port of Spain, TT.     ; Trinidad & Tobago     ;  1-1   
11-Jun-1989; Costa Rica;     San Jose               ; Trinidad & Tobago     ;  1-0   
25-Jun-1989; Costa Rica;     San Salvador, ES.      ; El Salvador           ;  4-2   
16-Jul-1989; Costa Rica;     San Jose               ; El Salvador           ;  1-0   

Competition: Marlboro Cup
 2-Feb-1990; Costa Rica;     Miami, USA.            ; United States         ;  2-0   
 4-Feb-1990; Costa Rica;     Miami, USA.            ; Uruguay               ;  0-2   
22-Feb-1990; Costa Rica;     Los Angeles, USA.      ; USSR                  ;  1-2   
 6-May-1990; Costa Rica;     Chicago, USA.          ; Poland                ;  0-2   

Competition: Friendly
20-May-1990; Costa Rica;     Cardiff, Wal.          ; Wales                 ;  0-1     

Competition: World Cup
11-Jun-1990; Costa Rica;     Genova, Ita.           ; Scotland              ;  1-0   
16-Jun-1990; Costa Rica;     Turin, Ita.            ; Brazil                ;  0-1   
20-Jun-1990; Costa Rica;     Genova, Ita.           ; Sweden                ;  2-1   
23-Jun-1990; Costa Rica;     Bari, Ita.             ; Czechoslovakia        ;  1-4   

Competition: Friendly
17-Apr-1991; Costa Rica;     San Jose               ; Mexico                ;  0-0     
14-May-1991; Costa Rica;     San Jose               ; Uruguay               ;  0-1     

Competition: UNCAF Cup
26-May-1991; Costa Rica;     San Jose               ; Honduras              ;  2-0   
29-May-1991; Costa Rica;     San Jose               ; El Salvador           ;  7-1   
 2-Jun-1991; Costa Rica;     San Jose               ; Guatemala             ;  1-0   

Competition: Friendly
25-Jun-1991; Costa Rica;     San Jose               ; Colombia              ;  0-1     

Competition: Gold Cup
29-Jun-1991; Costa Rica;     Pasadena, USA.         ; Guatemala             ;  2-0   
 1-Jul-1991; Costa Rica;     Pasadena, USA.         ; Trinidad & Tobago     ;  1-2   
 3-Jul-1991; Costa Rica;     Los Angeles, USA.      ; United States         ;  2-3   
 5-Jul-1991; Costa Rica;     Los Angeles, USA.      ; Honduras              ;  0-2   
 7-Jul-1991; Costa Rica;     Los Angeles, USA.      ; Mexico                ;  0-2   

Competition: Friendly
24-Nov-1991; Costa Rica;     Dallas, USA.           ; United States         ;  1-1     
27-Nov-1991; Costa Rica;     Los Angeles, USA.      ; Mexico                ;  1-1     
12-Feb-1992; Costa Rica;     San Jose               ; United States         ;  0-0     
 4-Mar-1992; Costa Rica;     San Jose               ; El Salvador           ;  2-0     
29-Apr-1992; Costa Rica;     San Salvador, ES.      ; El Salvador           ;  1-1     
27-May-1992; Costa Rica;     San Jose               ; Ecuador               ;  2-1     
 2-Aug-1992; Costa Rica;     Montevideo, Uru.       ; Uruguay               ;  1-2     
 6-Aug-1992; Costa Rica;     Guayaquil, Ecu.        ; Ecuador               ;  1-1     
23-Sep-1992; Costa Rica;     Paranavai, Bra.        ; Brazil                ;  2-4     

Competition: World Cup Qualifying
16-Aug-1992; Costa Rica;     Panama City, Pan.      ; Panama                ;  0-1   
23-Aug-1992; Costa Rica;     San Jose               ; Panama                ;  5-1   
 8-Nov-1992; Costa Rica;     San Jose               ; Honduras              ;  2-3   
15-Nov-1992; Costa Rica;     Kingstown, SV.         ; St. Vincent           ;  1-0   
22-Nov-1992; Costa Rica;     Mexico City, Mex.      ; Mexico                ;  0-4   
29-Nov-1992; Costa Rica;     San Jose               ; Mexico                ;  2-0   
 5-Dec-1992; Costa Rica;     Tegucigalpa, Hon.      ; Honduras              ;  1-2   
13-Dec-1992; Costa Rica;     San Jose               ; St. Vincent           ;  5-0   

Competition: UNCAF Qualifying
16-Feb-1993; Costa Rica;     San Jose               ; Nicaragua             ;  6-0   
19-Feb-1993; Costa Rica;     San Jose               ; Nicaragua             ;  2-0   

Competition: UNCAF Cup
 5-Mar-1993; Costa Rica;     Tegucigalpa, Hon.      ; El Salvador           ;  1-0  
 7-Mar-1993; Costa Rica;     Tegucigalpa, Hon.      ; Honduras              ;  0-2  
 9-Mar-1993; Costa Rica;     Tegucigalpa, Hon.      ; Panama                ;  2-0  

Competition: Friendly
24-Mar-1993; Costa Rica;     San Jose               ; Canada                ;  0-1     
31-Mar-1993; Costa Rica;     Medellin, Col.         ; Colombia              ;  1-4     
23-Jun-1993; Costa Rica;     San Jose               ; Panama                ;  3-1     
29-Jun-1993; Costa Rica;     San Jose               ; Mexico                ;  0-2     
 4-Jul-1993; Costa Rica;     Kingston, Jam.         ; Jamaica               ;  1-1     

Competition: Gold Cup
11-Jul-1993; Costa Rica;     Mexico City, Mex.      ; Canada                ;  1-1  
15-Jul-1993; Costa Rica;     Mexico City, Mex.      ; Mexico                ;  1-1  
18-Jul-1993; Costa Rica;     Mexico City, Mex.      ; Martinique            ;  3-1  
21-Jul-1993; Costa Rica;     Dallas, USA.           ; United States         ;  0-1  
25-Jul-1993; Costa Rica;     Mexico City, Mex.      ; Jamaica               ;  1-1  

Competition: Friendly
23-Sep-1993; Costa Rica;     Damman, SA.            ; Saudi Arabia          ;  2-1     
27-Sep-1993; Costa Rica;     Damman, SA.            ; Saudi Arabia          ;  2-3     
19-Jan-1994; Costa Rica;     San Diego, USA.        ; Norway                ;  0-0     
11-Jun-1994; Costa Rica;     New Haven, USA.        ; Italy                 ;  0-1     
17-Dec-1994; Costa Rica;     Ryad, SA.              ; Saudi Arabia          ;  3-1     
28-May-1995; Costa Rica;     Tampa, USA.            ; United States         ;  2-1     

Competition: President Cup
 5-Jun-1995; Costa Rica;     Suwon, Kor.            ; South Korea           ;  0-1    
10-Jun-1995; Costa Rica;     Seoul, Kor.            ; Ecuador               ;  1-2    

Competition: Friendly
 6-Aug-1995; Costa Rica;     Kyoto, Jap.            ; Japan                 ;  0-3     
27-Sep-1995; Costa Rica;     Kingston, Jam.         ; Jamaica               ;  0-2     

Competition: UNCAF Cup
 1-Dec-1995; Costa Rica;     San Salvador, ES.      ; Belize                ;  2-1    
 3-Dec-1995; Costa Rica;     San Salvador, ES.      ; El Salvador           ;  1-2    
 7-Dec-1995; Costa Rica;     San Salvador, ES.      ; Honduras              ;  1-1(-) 
10-Dec-1995; Costa Rica;     San Salvador, ES.      ; El Salvador           ;  1-2    

Competition: Friendly
 5-Jun-1996; Costa Rica;     Toronto, Can.          ; Canada                ;  1-0     
 4-Aug-1996; Costa Rica;     San Jose               ; Honduras              ;  1-1     
11-Aug-1996; Costa Rica;     Tegucigalpa, Hon.      ; Honduras              ;  0-0     
14-Aug-1996; Costa Rica;     Arequipa, Peru.        ; Peru                  ;  0-3     
16-Aug-1996; Costa Rica;     Cuenca, Ecu.           ; Ecuador               ;  1-1     
25-Aug-1996; Costa Rica;     Liberia                ; Chile                 ;  1-1     

Competition: World Cup Qualifying
 1-Sep-1996; Costa Rica;     Port of Spain, TT.     ; Trinidad & Tobago     ;  1-0    

Competition: Friendly
 3-Sep-1996; Costa Rica;     Kingston, Jam.         ; Jamaica               ;  0-2     
 2-Oct-1996; Costa Rica;     Barinas, Ven.          ; Venezuela             ;  0-2     
 9-Oct-1996; Costa Rica;     San Jose               ; Jamaica               ;  0-0     
 7-Nov-1996; Costa Rica;     San Isidro             ; Panama                ;  2-0     

Competition: World Cup Qualifying
17-Nov-1996; Costa Rica;     San Jose               ; Guatemala             ;  3-0    
24-Nov-1996; Costa Rica;     Los Angeles, USA.      ; Guatemala             ;  0-1    
 1-Dec-1996; Costa Rica;     San Jose               ; United States         ;  2-1    
14-Dec-1996; Costa Rica;     Palo Alto, USA.        ; United States         ;  1-2    
21-Dec-1996; Costa Rica;     Cartago                ; Trinidad & Tobago     ;  2-1    

Competition: Friendly
 5-Feb-1997; Costa Rica;     Alajuela               ; Slovakia              ;  2-2     
19-Feb-1997; Costa Rica;     Heredia                ; Venezuela             ;  5-2     
 9-Mar-1997; Costa Rica;     San Jose               ; Cameroon              ;  5-0     

Competition: World Cup Qualifying
16-Mar-1997; Costa Rica;     San Jose               ; Mexico                ;  0-0    
23-Mar-1997; Costa Rica;     San Jose               ; United States         ;  3-2    

Competition: UNCAF Cup
16-Apr-1997; Costa Rica;     Guatemala City, Gua.   ; Guatemala             ;  1-1    
18-Apr-1997; Costa Rica;     Guatemala City, Gua.   ; Nicaragua             ;  5-1    
23-Apr-1997; Costa Rica;     Guatemala City, Gua.   ; Honduras              ;  4-0    
25-Apr-1997; Costa Rica;     Guatemala City, Gua.   ; El Salvador           ;  1-0    
27-Apr-1997; Costa Rica;     Guatemala City, Gua.   ; Guatemala             ;  1-1    

Competition: World Cup Qualifying
 4-May-1997; Costa Rica;     San Salvador, ES.      ; El Salvador           ;  1-2    
11-May-1997; Costa Rica;     San Jose               ; Jamaica               ;  3-1    
 1-Jun-1997; Costa Rica;     Edmonton, Can.         ; Canada                ;  0-1    

Competition: America Cup
13-Jun-1997; Costa Rica;     Sta. Cruz, Bol.        ; Brazil                ;  0-5    
16-Jun-1997; Costa Rica;     Sta. Cruz, Bol.        ; Colombia              ;  1-4    
19-Jun-1997; Costa Rica;     Sta. Cruz, Bol.        ; Mexico                ;  1-1    

Competition: World Cup Qualifying
10-Aug-1997; Costa Rica;     San Jose               ; El Salvador           ;  0-0    
 7-Sep-1997; Costa Rica;     Portland, USA.         ; United States         ;  0-1    
14-Sep-1997; Costa Rica;     Kingston, Jam.         ; Jamaica               ;  0-1    
 9-Nov-1997; Costa Rica;     Mexico City, Mex.      ; Mexico                ;  3-3    
16-Nov-1997; Costa Rica;     San Jose               ; Canada                ;  3-1    

Competition: Friendly
21-Jan-1998; Costa Rica;     Nicoya                 ; Honduras              ;  1-4     
29-Jan-1998; Costa Rica;     San Jose               ; Trinidad & Tobago     ;  4-0     

Competition: Gold Cup
 4-Feb-1998; Costa Rica;     Oakland, USA.          ; Cuba                  ;  7-2    
 7-Feb-1998; Costa Rica;     Oakland, USA.          ; United States         ;  1-2    

Competition: Friendly
28-Jan-1999; Costa Rica;     Alajuela               ; Ecuador               ;  0-0     
10-Feb-1999; Costa Rica;     Kingston, Jam.         ; Jamaica               ;  1-1     
24-Feb-1999; Costa Rica;     San Jose               ; Jamaica               ;  9-0     

Competition: UNCAF Cup
17-Mar-1999; Costa Rica;     San Jose               ; Belize                ;  7-0    
21-Mar-1999; Costa Rica;     San Jose               ; Honduras              ;  0-1    
24-Mar-1999; Costa Rica;     San Jose               ; Guatemala             ;  1-0    
26-Mar-1999; Costa Rica;     San Jose               ; Honduras              ;  1-2    
28-Mar-1999; Costa Rica;     San Jose               ; El Salvador           ;  4-0    

Competition: Friendly
29-May-1999; Costa Rica;     Concepcion, Chi.       ; Chile                 ;  0-3     
17-Jul-1999; Costa Rica;     Fullerton, USA.        ; Saudi Arabia          ;  1-0     
18-Aug-1999; Costa Rica;     Montevideo, Uru.       ; Uruguay               ;  4-5     
25-Nov-1999; Costa Rica;     Alajuela               ; Slovakia              ;  4-0     
29-Dec-1999; Costa Rica;     Alajuela               ; Honduras              ;  1-1     
26-Jan-2000; Costa Rica;     San Jose               ; Trinidad & Tobago     ;  2-1     
 2-Feb-2000; Costa Rica;     San Jose               ; Chile                 ;  1-0     

Competition: Gold Cup
13-Feb-2000; Costa Rica;     San Diego, USA.        ; Canada                ;  2-2    
17-Feb-2000; Costa Rica;     Los Angeles, USA.      ; South Korea           ;  2-2    
20-Feb-2000; Costa Rica;     San Diego, USA.        ; Trinidad & Tobago     ;  1-2    

Competition: Friendly
21-Jun-2000; Costa Rica;     Ciudad del Este, Par.  ; Paraguay              ;  0-1     
 1-Jul-2000; Costa Rica;     Alajuela               ; Panama                ;  5-1     
 9-Jul-2000; Costa Rica;     San Jose               ; St. Vincent           ;  7-1     
10-Aug-2000; Costa Rica;     Alajuela               ; Venezuela             ;  1-5     
19-Apr-2001; Costa Rica;     Alajuela               ; Venezuela             ;  2-2     

Competition: World Cup Qualifying
16-Jul-2000; Costa Rica;     Bridgetown, Bar.       ; Barbados              ;  1-2    
23-Jul-2000; Costa Rica;     San Jose               ; United States         ;  2-1    
15-Aug-2000; Costa Rica;     Alajuela               ; Guatemala             ;  2-1    
 3-Sep-2000; Costa Rica;     San Jose               ; Barbados              ;  3-0    
11-Oct-2000; Costa Rica;     Columbus, USA.         ; United States         ;  0-0    
15-Nov-2000; Costa Rica;     Mazatenango, Gua.      ; Guatemala             ;  1-2    
 6-Jan-2001; Costa Rica;     Miami, USA.            ; Guatemala             ;  5-2    
28-Feb-2001; Costa Rica;     San Jose               ; Honduras              ;  2-2    
28-Mar-2001; Costa Rica;     Alajuela               ; Trinidad & Tobago     ;  3-0    
25-Apr-2001; Costa Rica;     Kansas City, USA.      ; United States         ;  0-1    

Competition: UNCAF Cup
23-May-2001; Costa Rica;     San Pedro Sula, Hon.   ; Belize                ;  4-0    
27-May-2001; Costa Rica;     San Pedro Sula, Hon.   ; Guatemala             ;  1-1    
30-May-2001; Costa Rica;     San Pedro Sula, Hon.   ; Panama                ;  2-1    
 1-Jun-2001; Costa Rica;     San Pedro Sula, Hon.   ; Guatemala             ;  0-2    
 3-Jun-2001; Costa Rica;     San Pedro Sula, Hon.   ; El Salvador           ;  1-1    

Competition: World Cup Qualifying
16-Jun-2001; Costa Rica;     Mexico City, Mex.      ; Mexico                ;  2-1    
20-Jun-2001; Costa Rica;     Alajuela               ; Jamaica               ;  2-1    
 1-Jul-2001; Costa Rica;     Tegucigalpa, Hon.      ; Honduras              ;  3-2    

Competition: America Cup
13-Jul-2001; Costa Rica;     Medellin, Col.         ; Honduras              ;  1-0   
16-Jul-2001; Costa Rica;     Medellin, Col.         ; Uruguay               ;  1-1   
19-Jul-2001; Costa Rica;     Medellin, Col.         ; Bolivia               ;  4-0   
22-Jul-2001; Costa Rica;     Armenia, Col.          ; Uruguay               ;  1-2   

Competition: World Cup Qualifying
01-Set-2001; Costa Rica;     Port of Spain, TT.     ; Trinidad & Tobago     ;  2-0   
05-Set-2001; Costa Rica;     San Jose               ; United States         ;  2-0   
07-Oct-2001; Costa Rica;     San Jose               ; Mexico                ;  0-0   
11-Nov-2001; Costa Rica;     Kingston, Jam.         ; Jamaica               ;  1-0   

Competition: Gold Cup
18-Jan-2002; Costa Rica;     Miami, USA.            ; Martinique            ;  2-0   
20-Jan-2002; Costa Rica;     Miami, USA.            ; Trinidad & Tobago     ;  1-1   
26-Jan-2002; Costa Rica;     Miami, USA.            ; Haiti                 ;  2-1   
30-Jan-2002; Costa Rica;     Pasadena, USA.         ; South Korea           ;  3-1   
 2-Feb-2002; Costa Rica;     Pasadena, USA.         ; United States         ;  0-2   

Competition: Friendly
17-Apr-2002; Costa Rica;     Yokohama, Jap.         ; Japan                 ;  1-1
20-Apr-2002; Costa Rica;     Daegu, Kor.            ; South Korea           ;  0-2
 9-May-2002; Costa Rica;     San Jose               ; Colombia              ;  1-2
26-May-2002; Costa Rica;     Kumamoto, Jap.         ; Belgium               ;  0-1     

Competition: World Cup
 4-Jun-2002; Costa Rica;     Gwangju, Kor.          ; China                 ;  2-0     
 9-Jun-2002; Costa Rica;     Incheon, Kor.          ; Turkey                ;  1-1     
13-Jun-2002; Costa Rica;     Suwon, Kor.            ; Brazil                ;  2-5     

Competition: Friendly
16-Oct-2002; Costa Rica;     San Jose               ; Ecuador               ;  1-1     
20-Nov-2002; Costa Rica;     Quito, Ecu.            ; Ecuador               ;  2-2

Competition: UNCAF Cup
11-Feb-2003; Costa Rica;     Panama City, Pan.      ; El Salvador           ;  1-0     
13-Feb-2003; Costa Rica;     Panama City, Pan.      ; Guatemala             ;  1-1     
15-Feb-2003; Costa Rica;     Panama City, Pan.      ; Nicaragua             ;  1-0     
20-Feb-2003; Costa Rica;     Panama City, Pan.      ; Honduras              ;  1-0     
23-Feb-2003; Costa Rica;     Panama City, Pan.      ; Panama                ;  1-0     

Competition: Friendly
29-Mar-2003; Costa Rica;     Alajuela               ; Paraguay              ;  2-1
30-Apr-2003; Costa Rica;     Santiago, Chi.         ; Chile                 ;  0-1
 8-Jun-2003; Costa Rica;     San Jose               ; Chile                 ;  1-0

Competition: Gold Cup
12-Jul-2003; Costa Rica;     Boston, USA.           ; Canada                ;  0-1     
16-Jul-2003; Costa Rica;     Boston, USA.           ; Cuba                  ;  3-0     
19-Jul-2003; Costa Rica;     Boston, USA.           ; El Salvador           ;  5-2     
24-Jul-2003; Costa Rica;     Mexico City, Mex.      ; Mexico                ;  0-2     
26-Jul-2003; Costa Rica;     Miami, USA.            ; United States         ;  2-3     

Competition: Friendly
20-Aug-2003; Costa Rica;     Viena, Aut.            ; Austria               ;  0-2
 7-Sep-2003; Costa Rica;     Fort Lauderdale, USA.  ; China                 ;  2-0
11-Oct-2003; Costa Rica;     Potchefstroom, RSA     ; South Africa          ;  1-2
19-Nov-2003; Costa Rica;     Alajuela               ; Finland               ;  2-1
31-Mar-2004; Costa Rica;     Carson, USA.           ; Mexico                ;  0-2

Competition: World Cup Qualifying
12-Jun-2004; Costa Rica;     Havana, Cuba           ; Cuba                  ;  2-2     
20-Jun-2004; Costa Rica;     Alajuela               ; Cuba                  ;  1-1     

Competition: America Cup
 8-Jul-2004; Costa Rica;     Arequipa, Peru         ; Paraguay              ;  0-1     
11-Jul-2004; Costa Rica;     Arequipa, Peru         ; Brazil                ;  1-4     
14-Jul-2004; Costa Rica;     Tacna, Peru            ; Chile                 ;  2-1     
17-Jul-2004; Costa Rica;     Trujillo, Peru         ; Colombia              ;  0-2     

Competition: World Cup Qualifying
18-Aug-2004; Costa Rica;     Alajuela               ; Honduras              ;  2-5     
 5-Sep-2004; Costa Rica;     Guatemala, Gua         ; Guatemala             ;  1-2     
 8-Sep-2004; Costa Rica;     San Jose               ; Canada                ;  1-0     
 9-Oct-2004; Costa Rica;     San Jose               ; Guatemala             ;  5-0     
13-Oct-2004; Costa Rica;     Vancouver, Can         ; Canada                ;  3-1     
17-Nov-2004; Costa Rica;     San Pedro Sula, Hon    ; Honduras              ;  0-0     
 9-Feb-2005; Costa Rica;     San Jose               ; Mexico                ;  1-2     

Competition: Friendly
12-Jan-2005; Costa Rica;     San Jose               ; Haiti                 ;  3-3
16-Feb-2005; Costa Rica;     Heredia                ; Ecuador               ;  1-2

Competition: UNCAF Cup
21-Feb-2005; Costa Rica;     Guatemala, Gua         ; El Salvador           ;  2-1     
23-Feb-2005; Costa Rica;     Guatemala, Gua         ; Panama                ;  1-0     
25-Feb-2005; Costa Rica;     Guatemala, Gua         ; Guatemala             ;  4-0     
27-Feb-2005; Costa Rica;     Guatemala, Gua         ; Honduras              ;  1-1(+)  

Competition: World Cup Qualifying
26-Mar-2005; Costa Rica;     San Jose               ; Panama                ;  2-1     
30-Mar-2005; Costa Rica;     Port of Spain, TT.     ; Trinidad & Tobago     ;  0-0     
 4-Jun-2005; Costa Rica;     Salt Lake City, USA.   ; United States         ;  0-3     
 8-Jun-2005; Costa Rica;     San Jose               ; Guatemala             ;  3-2     

Competition: Friendly
24-May-2005; Costa Rica;     Oslo, Nor.             ; Norway                ;  0-1                    
19-Jun-2005; Costa Rica;     Changsa, Chn.          ; China                 ;  2-2    
22-Jun-2005; Costa Rica;     Guangzhou, Chn         ; China                 ;  0-2  

Competition: Gold Cup
 7-Jul-2005; Costa Rica;     Seattle, USA           ; Canada                ;  1-0     
 9-Jul-2005; Costa Rica;     Seattle, USA           ; Cuba                  ;  3-1     
12-Jul-2005; Costa Rica;     Boston, USA            ; United States         ;  0-0     
16-Jul-2005; Costa Rica;     Boston, USA            ; Honduras              ;  2-3     

Competition: World Cup Qualifying
17-Aug-2005; Costa Rica;     Mexico City, Mex.      ; Mexico                ;  0-2     
03-Sep-2005; Costa Rica;     Panama City, Pan.      ; Panama                ;  3-1     
07-Sep-2005; Costa Rica;     San Jose               ; Trinidad & Tobago     ;  2-0     
08-Oct-2005; Costa Rica;     San Jose               ; United States         ;  3-0     
12-Oct-2005; Costa Rica;     Guatemala City, Gua.   ; Guatemala             ;  1-3     

Competition: Friendly
09-Nov-2005; Costa Rica;     Fort-de-France, Mart.  ; France                ;  2-3
11-Feb-2006; Costa Rica;     Oakland, USA.          ; South Korea           ;  1-0
01-Mar-2006; Costa Rica;     Tehran, Iran           ; Iran                  ;  2-3
28-May-2006; Costa Rica;     Kiev, Ukr.             ; Ukraine               ;  0-4
30-May-2006; Costa Rica;     Jablonec, Cze.         ; Czech Republic        ;  0-1

Competition: World Cup
09-Jun-2006; Costa Rica;     Munich, Ger.           ; Germany               ;  2-4     
15-Jun-2006; Costa Rica;     Hamburg, Ger.          ; Ecuador               ;  0-3     
20-Jun-2006; Costa Rica;     Hannover, Ger.         ; Poland                ;  1-2     

Competition: Friendly
02-Sep-2006; Costa Rica;     Geneva, Swi.           ; Austria               ;  2-2
06-Sep-2006; Costa Rica;     Geneva, Swi.           ; Switzerland           ;  0-2
04-Feb-2007; Costa Rica;     Alajuela               ; Trinidad & Tobago     ;  4-0

Competition: UNCAF Cup
09-Feb-2007; Costa Rica;     San Salvador, ES.      ; Honduras              ;  3-1     
13-Feb-2007; Costa Rica;     San Salvador, ES.      ; Panama                ;  0-1     
16-Feb-2007; Costa Rica;     San Salvador, ES.      ; El Salvador           ;  2-0     
18-Feb-2007; Costa Rica;     San Salvador, ES.      ; Panama                ;  1-1(+)  

Competition: Friendly
24-Mar-2007; Costa Rica;     San Jose               ; New Zealand           ;  4-0
28-Mar-2007; Costa Rica;     Talca, Chi.            ; Chile                 ;  1-1
02-Jun-2007; Costa Rica;     San Jose               ; Chile                 ;  2-0

Competition: Gold Cup
06-Jun-2007; Costa Rica;     Miami, USA.            ; Canada                ;  1-2     
09-Jun-2007; Costa Rica;     Miami, USA.            ; Haiti                 ;  1-1     
11-Jun-2007; Costa Rica;     Miami, USA.            ; Guadeloupe            ;  1-0     
17-Jun-2007; Costa Rica;     Houston, USA.          ; Mexico                ;  0-1     

Competition: Friendly
22-Aug-2007; Costa Rica;     San Jose               ; Peru                  ;  1-1
09-Set-2007; Costa Rica;     East Hartford, USA     ; Honduras              ;  0-0
12-Set-2007; Costa Rica;     Montreal, Can.         ; Canada                ;  1-1
13-Oct-2007; Costa Rica;     San Salvador, ES.      ; El Salvador           ;  2-2
17-Oct-2007; Costa Rica;     San Jose               ; Haiti                 ;  1-1
21-Nov-2007; Costa Rica;     Panama City, Pan.      ; Panama                ;  1-1
13-Jan-2008; Costa Rica;     San Jose               ; Sweden                ;  0-1
30-Jan-2008; Costa Rica;     Tehran, Iran           ; Iran                  ;  0-0
06-Feb-2008; Costa Rica;     Kingston, Jam.         ; Jamaica               ;  1-1
26-Mar-2008; Costa Rica;     Iquitos, Peru          ; Peru                  ;  1-3

Competition: World Cup Qualifying
14-Jun-2008; Costa Rica;     Saint George, Gra.     ; Granada               ;  2-2    
22-Jun-2008; Costa Rica;     San Jose               ; Granada               ;  3-0    
20-Aug-2008; Costa Rica;     San Jose               ; El Salvador           ;  1-0    
06-Sep-2008; Costa Rica;     San Jose               ; Surinam               ;  7-0    
10-Sep-2008; Costa Rica;     Port-au-Prince, Hai.   ; Haiti                 ;  3-1    
11-Oct-2008; Costa Rica;     Paramaribo, Sur.       ; Surinam               ;  4-1    
15-OCt-2008; Costa Rica;     San Jose               ; Haiti                 ;  2-0    
19-Nov-2008; Costa Rica;     San Salvador, ES.      ; El Salvador           ;  3-1    

Competition: UNCAF Cup
23-Jan-2009; Costa Rica;     Tegucigalpa, Hon.      ; Panama                ;  3-0    
25-Jan-2009; Costa Rica;     Tegucigalpa, Hon.      ; Guatemala             ;  3-1    
30-Jan-2009; Costa Rica;     Tegucigalpa, Hon.      ; El Salvador           ;  1-0(b) 
01-Feb-2009; Costa Rica;     Tegucigalpa, Hon.      ; Panama                ;  0-0(-) 

Competition: World Cup Qualifying
11-Feb-2009; Costa Rica;     San Jose               ; Honduras              ;  2-0    
28-Mar-2009; Costa Rica;     Mexico City, Mex.      ; Mexico                ;  0-2    
01-Apr-2009; Costa Rica;     San Jose               ; El Salvador           ;  1-0    
03-Jun-2009; Costa Rica;     San Jose               ; United States         ;  3-1    
06-Jun-2009; Costa Rica;     Bacolet, TT.           ; Trinidad & Tobago     ;  3-2    

Competition: Friendly
13-May-2009; Costa Rica;     San Cristobal, Ven.    ; Venezuela             ;  1-1
27-Jun-2009; Costa Rica;     San Jose               ; Venezuela             ;  1-0

Competition: Gold Cup
03-Jul-2009; Costa Rica;     Carson, USA.           ; El Salvador           ;  1-2    
07-Jul-2009; Costa Rica;     Columbus, USA.         ; Jamaica               ;  1-0    
10-Jul-2009; Costa Rica;     Miami, USA.            ; Canada                ;  2-2    
19-JUl-2009; Costa Rica;     Arlington, USA.        ; Guadeloupe            ;  5-1    
23-Jul-2009; Costa Rica;     Chicago, USA.          ; Mexico                ;  1-1(-) 

Competition: World Cup Qualifying
12-Aug-2009; Costa Rica;     San Pedro Sula, Hon.   ; Honduras              ;  0-4    
05-Sep-2009; Costa Rica;     San Jose               ; Mexico                ;         
09-Sep-2009; Costa Rica;     San Salvador, ES.      ; El Salvador           ;         
10-Oct-2009; Costa Rica;     San Jose               ; Trinidad & Tobago     ;         
14-Oct-2009; Costa Rica;     USA                    ; United States         ;         
