

Ecuador - International Results

2004 Details
2005 Details
2006 Details
2007 Details


No.      Date	 Venue			Score	Opponent	Competition
1.     8-Aug-38	  Bogota, Col			1-1 		Bolivia		Bolivarian Games
2.    10-Aug-38	   Bogota, Col					2-1 		Colombia   Bolivarian Games
3.    11-Aug-38	    Bogota, Col							1-9 	   Peru		Bolivarian Games
4.    19-Aug-38	     Bogota, Col							   5-2 		Venezuela  Bolivarian Games
5.    22-Aug-38  Bogota, Col            1-2     Bolivia         Bolivarian Games
6.    15-Jan-39	  Lima, Per			2-5 		Peru		XV. Southamerican Championship
7.    22-Jan-39	   Lima, Per					0-6 		Uruguay         XV. Southamerican Championship
8.     5-Feb-39	    Lima, Per							1-4 		Chile           XV. Southamerican Championship
9.    12-Feb-39	     Lima, Per									1-3 		Paraguay        XV. Southamerican Championship
10.    2-Feb-41	      Santiago, Chi										0-5 		Chile           XVI. Southamerican Championship
11.    9-Feb-41	       Santiago, Chi												0-6 		Uruguay         XVI. Southamerican Championship
12.   16-Feb-41	        Santiago, Chi														1-6 		Argentina       XVI. Southamerican Championship
13.   23-Feb-41		 Santiago, Chi																0-4 		Peru 		   XVI. Southamerican Championship
14.   18-Jan-42		  Montevideo, Uru															0-7 		Uruguay         XVII. Southamerican Championship
15.   22-Jan-42		   Montevideo, Uru															0-12		Argentina       XVII. Southamerican Championship
16.   25-Jan-42		    Montevideo, Uru															1-3 		Paraguay        XVII. Southamerican Championship
17.   28-Jan-42		     Montevideo, Uru															1-2 		Peru		      XVII. Southamerican Championship
18.    1-Feb-42		      Montevideo, Uru															1-5 		Brazil          XVII. Southamerican Championship
19.    5-Feb-42		       Montevideo, Uru															1-2 		Chile           XVII. Southamerican Championship
20.   14-Jan-45		        Santiago, Chi																	3-6 		Chile           XVIII. Southamerican Championship
21.   24-Jan-45			 Santiago, Chi																			1-5 		Uruguay         XVIII. Southamerican Championship
22.   31-Jan-45			  Santiago, Chi																					2-4 		Argentina       XVIII. Southamerican Championship
23.   11-Feb-45			   Santiago, Chi																						0-0 		Bolivia         XVIII. Southamerican Championship
24.   18-Feb-45			    Santiago, Chi																								1-3 		Colombia        XVIII. Southamerican Championship
25.   21-Feb-45			     Santiago, Chi																										2-9 		Brazil          XVIII. Southamerican Championship
26.   30-Nov-47			      Guayaquil																													2-2 		Bolivia         XX. Southamerican Championship
27.    4-Dec-47			       Guayaquil																														0-0 		Colombia        XX. Southamerican Championship
28.   11-Dec-47			        Guayaquil																																0-3 		Chile           XX. Southamerican Championship
29.   16-Dec-47				 Guayaquil																																		1-6 		Uruguay         XX. Southamerican Championship
30.   20-Dec-47				  Guayaquil																																				0-0 		Peru            XX. Southamerican Championship
31.   25-Dec-47				   Guayaquil																																						0-2 		Argentina       XX. Southamerican Championship
32.   29-Dec-47				    Guayaquil																																								0-4 		Paraguay        XX. Southamerican Championship
33.    3-Apr-49				     Rio de Janeiro, Bra																																						1-9 		Brazil          XXI. Southamerican Championship
34.   10-Apr-49				      Rio de Janeiro, Bra																																						0-1 		Paraguay        XXI. Southamerican Championship
35.   13-Apr-49				       Rio de Janeiro, Bra																																						2-3 		Uruguay         XXI. Southamerican Championship
36.   17-Apr-49				        Sao Paulo, Bra 																																							0-1 		Chile           XXI. Southamerican Championship
37.   20-Apr-49					 Rio de Janeiro, Bra																																						0-4 		Peru            XXI. Southamerican Championship
38.   24-Apr-49					  Sao Paulo, Bra 																																						0-2 		Bolivia         XXI. Southamerican Championship
39.    3-May-49					   Rio de Janeiro, Bra																																						3-2 		Colombia        XXI. Southamerican Championship
40.   28-Feb-53					    Lima, Per	   																																						0-1 		Peru            XXII. Southamerican Championship
41.    4-Mar-53					     Lima, Per																																									0-0 		Paraguay        XXII. Southamerican Championship
42.    8-Mar-53					      Lima, Per																																											1-1 		Bolivia         XXII. Southamerican Championship
43.   12-Mar-53					       Lima, Per																																												0-2 		Brazil          XXII. Southamerican Championship
44.   19-Mar-53					        Lima, Per																																														0-3 		Chile           XXII. Southamerican Championship
45.   23-Mar-53						 Lima, Per																																																0-6 		Uruguay         XXII. Southamerican Championship
46.   27-Feb-55						  Santiago, Chi																																																		1-7 		Chile           XXIII. Southamerican Championship
47.    9-Mar-55						   Santiago, Chi																																																			0-4 		Argentina       XXIII. Southamerican Championship
48.   13-Mar-55						    Santiago, Chi																																																					2-4 		Peru            XXIII. Southamerican Championship
49.   16-Mar-55						     Santiago, Chi																																																							0-2 		Paraguay        XXIII. Southamerican Championship
50.   23-Mar-55						      Santiago, Chi																																																									1-5 		Uruguay         XXIII. Southamerican Championship
51.    7-Mar-57						       Lima, Per																																																											2-5 		Uruguay         XXV. Southamerican Championship
52.   10-Mar-57						        Lima, Per																																																													1-2 		Peru            XXV. Southamerican Championship
53.   17-Mar-57							 Lima, Per																																																															0-3 		Argentina       XXV. Southamerican Championship
54.   21-Mar-57							  Lima, Per																																																																	1-7 		Brazil          XXV. Southamerican Championship
55.   24-Mar-57							   Lima, Per																																																																			2-2 		Chile           XXV. Southamerican Championship
56.    1-Apr-57							    Lima, Per																																																																					1-4 		Colombia        XXV. Southamerican Championship
57.    6-Dec-59							     Guayaquil																																																																							0-4 		Uruguay         XXVI. Southamerican Championship
58.   12-Dec-59							      Guayaquil																																																																									1-1 		Argentina       XXVI. Southamerican Championship
59.   19-Dec-59							       Guayaquil																																																																										1-3 		Brazil          XXVI. Southamerican Championship
60.   25-Dec-59							        Guayaquil																																																																												3-1 		Paraguay        XXVI. Southamerican Championship
61.   27-Dec-59								 Guayaquil																																																																														1-2 		Brazil
62.    4-Dec-60								  Guayaquil																																																																																3-6  Argentina       VII. World Cup Qualifier
63.   17-Dec-60								   Buenos Aires, Arg																																																																															0-5  Argentina       VII. World Cup Qualifier
64.   10-Mar-63								    La Paz, Bol	 																																																																															4-4  Bolivia         XXVIII. Southamerican Championship
65.   14-Mar-63								     La Paz, Bol																																																																															     1-3 	     Paraguay        XXVIII. Southamerican Championship
66.   17-Mar-63								      La Paz, Bol																																																																															     		     1-2 	     Peru            XXVIII. Southamerican Championship
67.   20-Mar-63								       Cochabamba, Bol																																																																																	     2-4 	     Argentina       XXVIII. Southamerican Championship
68.   27-Mar-63								        Cochabamba, Bol																																																																																	     2-2 	     Brazil          XXVIII. Southamerican Championship
69.   31-Mar-63									 La Paz, Bol																																																																																	     		     4-3 	     Colombia        XXVIII. Southamerican Championship
70.   20-Jun-65									  Barranquilla, Col																																																																																		     1-0 	     Colombia        VIII. World Cup Qualifier
71.   25-Jun-65									   Guayaquil																																																																																			     2-0 	     Colombia        VIII. World Cup Qualifier
72.   15-Aug-65									    Guayaquil																																																																																			     		     2-2 	     Chile           VIII. World Cup Qualifier
73.   22-Aug-65									     Santiago, Chi																																																																																				     		     1-3 	     Chile           VIII. World Cup Qualifier
74.   12-Oct-65									      Lima, Per																																																																																							     		     1-2 	     Chile           VIII. World Cup Qualifier
75.   21-Dec-66									       Guayaquil																																																																																								     		     2-2 	     Paraguay        XXIX. Southamerican Championship Q
76.   28-Dec-66									        Asuncion, Par																																																																																										     		     1-3 	     Paraguay        XXIX. Southamerican Championship Q
77.   22-Jun-69										 Guayaquil																																																																																												     		     4-1 	     Colombia
78.    6-Jul-69										  Guayaquil																																																																																														     		     0-2  Uruguay         IX. World Cup Qualifier
79.   20-Jul-69										   Montevideo, Uru																																																																																															     0-1  Uruguay         IX. World Cup Qualifier
80.   27-Jul-69										    Santiago, Chi																																																																																															     	  1-4 		  Chile           IX. World Cup Qualifier
81.    3-Aug-69										     Guayaquil																																																																																																	  		  1-1 		  Chile           IX. World Cup Qualifier
82.   24-May-70										      Quito																																																																																																			  		  		  0-2 	    England
83.   11-Jun-72										       Natal, Bra																																																																																																						  	    0-3  Portugal        Independence Cup
84.   14-Jun-72										        Natal, Bra																																																																																																							    	 1-2 		 Chile           Independence Cup
85.   18-Jun-72											 Natal, Bra																																																																																																								 		 2-3 		 Ireland         Independence Cup
86.   21-Jun-72											  Recife, Bra																																																																																																										 		 1-1 		 Iran            Independence Cup
87.   18-Feb-73											   Quito  																																																																																																												 		 1-1 		 East Germany
88.   24-Apr-73											    Guayaquil																																																																																																														 		 1-1  Chile
89.   29-Apr-73											     La Paz, Bol																																																																																																															      3-3  Bolivia
90.    6-May-73											      Quito  																																																																																																																      	   0-0  Bolivia
91.   12-May-73											       Port-au-Prince, Hai																																																																																																															   2-1 	Haiti
92.   15-May-73											        Port-au-Prince, Hai																																																																																																															   0-1 	Haiti
93.   21-Jun-73												 Bogota, Col																																																																																																																   1-1 	Colombia        X. World Cup Qualifier
94.   28-Jun-73												  Guayaquil																																																																																																																   	1-1 		Colombia        X. World Cup Qualifier
95.    1-Jul-73												   Guayaquil																																																																																																																			1-2 		Uruguay         X. World Cup Qualifier
96.    8-Jul-73												    Montevideo, Uru																																																																																																																		0-4 		Uruguay         X. World Cup Qualifier
97.   22-Jun-75												     Quito																																																																																																																					6-0 		Peru
98.   25-Jun-75												      Guayaquil																																																																																																																							1-0  Peru
99.    1-Jul-75												       Lima, Per																																																																																																																						     0-1  Peru
100.   9-Jul-75												        Cochabamba, Bol																																																																																																																						     0-1  Bolivia
101.  24-Jul-75													 Guayaquil  																																																																																																																						     2-2  Paraguay        XXX. Copa America
102.  27-Jul-75													  Quito																																																																																																																							     	  		  1-3  Colombia        XXX. Copa America
103.   7-Aug-75													   Bogota, Col																																																																																																																									       0-2 	       Colombia        XXX. Copa America
104.  10-Aug-75													    Asuncion, Par																																																																																																																								       		       1-3 	       Paraguay        XXX. Copa America
105.  20-Oct-76													     Guayaquil																																																																																																																											       		       2-2 	       Uruguay
106.   4-Jan-77													      Montevideo, Uru																																																																																																																												       1-1 	       Uruguay     [1]
107.   9-Jan-77													       Asuncion, Par																																																																																																																												       		       0-2 	   Paraguay
108.  16-Jan-77													        Bogota, Col																																																																																																																														       		   1-0  Colombia
109.  20-Jan-77														 Caracas, Ven																																																																																																																																   	0-1  Venezuela
110.  26-Jan-77														  Quito	  																																																																																																																																	     4-1  Colombia
111.  13-Feb-77														   Quito																																																																																																																																	     	   2-1  Paraguay
112.  20-Feb-77														    Quito																																																																																																																																		   	 1-1  Peru            XI. World Cup Qualifier
113.  27-Feb-77														     Guayaquil																																																																																																																																			      0-1 	      Chile           XI. World Cup Qualifier
114.  12-Mar-77														      Lima, Per																																																																																																																																			      		      0-4 	      Peru            XI. World Cup Qualifier
115.  20-Mar-77														       Santiago, Chi																																																																																																																																				      		      0-3 	      Chile           XI. World Cup Qualifier
116.  13-Jun-79														        Santiago, Chi																																																																																																																																						      		      0-0 	      Chile
117.  21-Jun-79															 Guayaquil																																																																																																																																								      		      2-1  Chile
118.  11-Jul-79															  Lima, Per																																																																																																																																										      	   1-2  Peru
119.   8-Aug-79															   Quito																																																																																																																																											   	 2-1  Peru
120.  29-Aug-79															    Quito																																																																																																																																												       1-2  Paraguay        XXXI. Copa America
121.   5-Sep-79															     Guayaquil																																																																																																																																												       	    2-1 	    Uruguay         XXXI. Copa America
122.  13-Sep-79															      Asuncion, Par																																																																																																																																												    		    0-2 	    Paraguay        XXXI. Copa America
123.  16-Sep-79															       Montevideo, Uru																																																																																																																																														    1-2 	    Uruguay         XXXI. Copa America
124.  28-Jan-81															        Quito	   																																																																																																																																														    		    1-3 	    Bulgaria
125.  14-Feb-81																 Quito																																																																																																																																																	    		     0-6  Brazil
126.  17-May-81																  Guayaquil																																																																																																																																																		     	  1-0  Paraguay        XII. World Cup Qualifier
127.  24-May-81																   Guayaquil																																																																																																																																																			       0-0 	       Chile           XII. World Cup Qualifier
128.  31-May-81																    Asuncion, Par																																																																																																																																																		       		       1-3 	       Paraguay        XII. World Cup Qualifier
129.  14-Jun-81																     Santiago, Chi																																																																																																																																																				       		       0-2 	       Chile           XII. World Cup Qualifier
130.  26-Jul-83																      Quito    																																																																																																																																																							       		       0-0 	       Colombia
131.  29-Jul-83																       Bogota, Col																																																																																																																																																								       		       0-0  Colombia
132.  10-Aug-83																        Quito  																																																																																																																																																											       	    2-2  Argentina       XXXII. Copa America
133.  17-Aug-83																	 Quito																																																																																																																																																												    	 		 0-1 	Brazil          XXXII. Copa America
134.   1-Sep-83																	  Sao Paulo, Bra																																																																																																																																																													 	0-5 		Brazil          XXXII. Copa America
135.   7-Sep-83																	   Buenos Aires, Arg																																																																																																																																																														2-2 		Argentina       XXXII. Copa America
136.  30-Nov-84																	    New York, USA																																																																																																																																																																0-0 		USA
137.   2-Dec-84																	     Miami, USA																																																																																																																																																																			2-2  USA
138.   4-Dec-84																	      Los Angeles, USA																																																																																																																																																																		2-4  Mexico
139.   7-Dec-84																	       Tegucigalpa, Hon																																																																																																																																																																		0-0  Honduras
140.   9-Dec-84																	        Guatemala City, Gua																																																																																																																																																																	0-1  Guatemala
141.  12-Dec-84																		 San Salvador, ES																																																																																																																																																																	0-0  El Salvador
142.   6-Feb-85																		  Guayaquil    																																																																																																																																																																		2-3  East Germany
143.  10-Feb-85																		   Quito																																																																																																																																																																		     	  3-2  East Germany
144.  17-Feb-85																		    Ambato																																																																																																																																																																			       	    3-1  Finland
145.  21-Feb-85																		     Quito																																																																																																																																																																				    	  3-0  Bolivia
146.   3-Mar-85																		      Quito																																																																																																																																																																					        1-1  Chile           XIII. World Cup Qualifier
147.  10-Mar-85																		       Montevideo, Uru																																																																																																																																																																					1-2  Uruguay         XIII. World Cup Qualifier
148.  17-Mar-85																		        Santiago, Chi																																																																																																																																																																					     2-6 	     Chile           XIII. World Cup Qualifier
149.  21-Mar-85																			 Lima, Per																																																																																																																																																																					     		     0-1 	     Peru
150.  31-Mar-85																			  Quito																																																																																																																																																																								     		      0-2  Uruguay         XIII. World Cup Qualifier
151.   5-Mar-87																			   Havana, Cuba																																																																																																																																																																									      	   1-2 		   Cuba
152.   8-Mar-87																			    Havana, Cuba																																																																																																																																																																									   		   0-0  Cuba
153.  31-Mar-87																			     Machala																																																																																																																																																																												   	0-1  Cuba
154.   2-Apr-87																			      Azogues																																																																																																																																																																													     0-0  Cuba
155.  11-Jun-87																			       Medellin, Col																																																																																																																																																																												     	  0-1  Colombia
156.  14-Jun-87																			        Guayaquil																																																																																																																																																																													       3-0  Colombia
157.  19-Jun-87																				 Montevideo, Uru																																																																																																																																																																												       1-2  Uruguay
158.  21-Jun-87																				  Florianopolis, Bra																																																																																																																																																																												       1-4  Brazil
159.   2-Jul-87																				   Buenos Aires, Arg																																																																																																																																																																												       0-3  Argentina       XXXIII. Copa America
160.   4-Jul-87																				    Buenos Aires, Arg																																																																																																																																																																												       1-1  Peru            XXXIII. Copa America
161.   7-Jun-88																				     Albuquerque, USA																																																																																																																																																																												       1-0  USA
162.  10-Jun-88																				      Houston, USA																																																																																																																																																																												       	    2-0  USA
163.  12-Jun-88																				       Dallas, USA																																																																																																																																																																													    	 0-0  USA
164.  15-Jun-88																				        Tegucigalpa, Hon																																																																																																																																																																													 1-1  Honduras
165.  17-Jun-88																					 Tegucigalpa, Hon																																																																																																																																																																													 1-0  Honduras
166.   7-Sep-88																					  Guayaquil   																																																																																																																																																																														 1-5  Paraguay
167.  13-Sep-88																					   La Serena, Chi																																																																																																																																																																													      1-3  Chile
168.  27-Sep-88																					    Asuncion, Par																																																																																																																																																																													      	   1-2  Uruguay         Boqueron Cup
169.  29-Sep-88																					     Asuncion, Par																																																																																																																																																																														   	0-0     Chile       [2] Boqueron Cup
170.  29-Jan-89																					      Guayaquil																																																																																																																																																																																	1-0 	    Chile
171.  15-Mar-89																					       Cuiaba, Bra																																																																																																																																																																																	    0-1  Brazil
172.  13-Apr-89																					        Guayaquil																																																																																																																																																																																	    	 2-2  Argentina
173.   3-May-89																						 Montevideo, Uru																																																																																																																																																																																	 1-3  Uruguay
174.  23-May-89																						  Quito	     																																																																																																																																																																																		      1-1  Uruguay
175.  20-Jun-89																						   Port of Spain, T-T																																																																																																																																																																																	      1-2  Peru            Soccer Bowl '89
176.   2-Jul-89																						    Goiana, Bra	  																																																																																																																																																																																	      1-0  Uruguay         XXXIV. Copa America
177.   4-Jul-89																						     Goiana, Bra																																																																																																																																																																																	      	   0-0 		   Argentina       XXXIV. Copa America
178.   6-Jul-89																						      Goiana, Bra																																																																																																																																																																																		   		   0-0 		   Bolivia         XXXIV. Copa America
179.  10-Jul-89																						       Goiana, Bra																																																																																																																																																																																				   		   1-2 		   Chile           XXXIV. Copa America
180.  20-Aug-89																						        Barranquilla, Col																																																																																																																																																																																					   0-2 		   Colombia        XIV. World Cup Qualifier
181.   3-Sep-89																							 Guayaquil    																																																																																																																																																																																						   0-0 		   Colombia        XIV. World Cup Qualifier
182.  10-Sep-89																							  Asuncion, Par																																																																																																																																																																																						   		   1-2 		   Paraguay        XIV. World Cup Qualifier
183.  24-Sep-89																							   Guayaquil																																																																																																																																																																																								   		   3-1 		   Paraguay        XIV. World Cup Qualifier
184.   6-Jun-91																							    Lima, Per																																																																																																																																																																																										   		   1-0 		   Peru
185.  19-Jun-91																							     Guayaquil																																																																																																																																																																																												   		   2-1  Chile
186.  25-Jun-91																							      Guayaquil																																																																																																																																																																																														   	2-2  Peru
187.  30-Jun-91																							       Santiago, Chi																																																																																																																																																																																														     1-3  Chile
188.   7-Jul-91																							        Valparaiso, Chi																																																																																																																																																																																														     0-1  Colombia        XXXV. Copa America
189.   9-Jul-91																								 Vina del Mar, Chi																																																																																																																																																																																													     1-1  Uruguay         XXXV. Copa America
190.  13-Jul-91																								  Vina del Mar, Chi																																																																																																																																																																																													     4-0  Bolivia         XXXV. Copa America
191.  15-Jul-91																								   Vina del Mar, Chi																																																																																																																																																																																													     1-3  Brazil          XXXV. Copa America
192.  24-May-92																								    Guatemala City, Gua																																																																																																																																																																																													     1-1  Guatemala
193.  27-May-92																								     San Jose, CR   																																																																																																																																																																																													     1-2  Costa Rica
194.   4-Jul-92																								      Montevideo, Uru																																																																																																																																																																																													     1-3  Uruguay
195.   6-Aug-92																								       Ecuador	  																																																																																																																																																																																													     1-1  Costa Rica
196.  24-Nov-92																								        Lima, Per																																																																																																																																																																																													     	  1-1 	Peru
197.  27-Jan-93																									 Guayaquil																																																																																																																																																																																														  	1-1  Belarus
198.  31-Jan-93																									  Guayaquil																																																																																																																																																																																															     3-0  Romania
199.  30-May-93																									   Quito          																																																																																																																																																																																														     1-0  Peru
200.   9-Jun-93																									    Quito																																																																																																																																																																																															     	   1-2  Chile
201.  15-Jun-93																									     Quito																																																																																																																																																																																																   	 6-1  Venezuela       XXXVI. Copa America
202.  19-Jun-93																									      Quito																																																																																																																																																																																																	      		      2-0    USA             XXXVI. Copa America
203.  22-Jun-93																									       Quito																																																																																																																																																																																																			      	     		     2-1    Uruguay         XXXVI. Copa America
204.  26-Jun-93																									        Quito																																																																																																																																																																																																						     	    		    3-0    Paraguay        XXXVI. Copa America
205.  30-Jun-93																										 Quito																																																																																																																																																																																																									    	   		   0-2 	  Mexico         XXXVI. Copa America
206.   3-Jul-93																										  Portoviejo																																																																																																																																																																																																											   	  0-1 		 Colombia        XXXVI. Copa America
207.  18-Jul-93																										   Guayaquil																																																																																																																																																																																																												  		 0-0 		 Brazil          XV. World Cup Qualifier
208.   1-Aug-93																										    Montevideo, Uru																																																																																																																																																																																																													 0-0 		 Uruguay         XV. World Cup Qualifier
209.   8-Aug-93																										     Quito																																																																																																																																																																																																														 		 5-0 		 Venezuela       XV. World Cup Qualifier
210.  15-Aug-93																										      La Paz, Bol																																																																																																																																																																																																															 		 0-1 		 Bolivia         XV. World Cup Qualifier
211.  22-Aug-93																										       Sao Paulo, Bra																																																																																																																																																																																																																	 		 0-2 		 Brazil          XV. World Cup Qualifier
212.   5-Sep-93																										        Guayaquil 																																																																																																																																																																																																																			 0-1 		 Uruguay         XV. World Cup Qualifier
213.  12-Sep-93																											 Puerto Ordaz, Ven																																																																																																																																																																																																																		 1-2 		 Venezuela       XV. World Cup Qualifier
214.  19-Sep-93																											  Guayaquil    																																																																																																																																																																																																																			 1-1 		 Bolivia         XV. World Cup Qualifier
215.  25-May-94																											   Guayaquil																																																																																																																																																																																																																			 		 1-0 		 Argentina
216.   5-Jun-94																											    Wakefield, USA																																																																																																																																																																																																																				 		 2-1  South Korea
217.  17-Aug-94																											     Lima, Per 																																																																																																																																																																																																																							 0-2  Peru
218.  21-Sep-94																											      Machala, Col																																																																																																																																																																																																																						      0-0  Peru
219.  24-May-95																											       Toyama, Jap																																																																																																																																																																																																																						      	   1-2  Scotland        Kirin Cup
220.  28-May-95																											        Tokyo, Jap																																																																																																																																																																																																																							   	0-3 		Japan           Kirin Cup
221.   4-Jun-95																												 Changwon, Kor																																																																																																																																																																																																																										4-0 		Zambia          Korea Cup
222.  10-Jun-95																												  Seoul, Kor																																																																																																																																																																																																																												2-1 		Costa Rica      Korea Cup
223.  12-Jun-95																												   Seoul, Kor																																																																																																																																																																																																																														1-0   Zambia          Korea Cup
224.  30-Jun-95																												    Asuncion, Par																																																																																																																																																																																																																													      0-1 	      Paraguay
225.   7-Jul-95																												     Rivera, Uru																																																																																																																																																																																																																													      		      0-1  Brazil          XXXVII. Copa America
226.  10-Jul-95																												      Rivera, Uru																																																																																																																																																																																																																															      	   0-1 		   Colombia        XXXVII. Copa America
227.  13-Jul-95																												       Rivera, Uru																																																																																																																																																																																																																																   		   2-1 		   Peru            XXXVII. Copa America
228.  25-Oct-95																												        Santa Cruz, Bol																																																																																																																																																																																																																																		   2-2 		   Bolivia
229.   2-Feb-96																													 Caracas, Ven																																																																																																																																																																																																																																		   		   1-0  Venezuela
230.  11-Feb-96																													  Beirut, Leb																																																																																																																																																																																																																																				   	0-1  Lebanon
231.  16-Feb-96																													   Riyadh, SA																																																																																																																																																																																																																																					     2-0  Oman
232.  18-Feb-96																													    Doha, Qatar																																																																																																																																																																																																																																					     	  1-1  Qatar
233.  23-Feb-96																													     Kuwait City, Kuw																																																																																																																																																																																																																																					  3-0  Kuwait
234.  25-Feb-96																													      Doha, Qatar 																																																																																																																																																																																																																																					  2-1  Qatar
235    6-Mar-96  Gifu, Jap.																											      	    1-0																																																																																																																																																																																																																																						  Japan
236.  24-Apr-96	  Guayaquil																												    																																																																																																																																																																																																																																						  4-1  Peru            XVI. World Cup Qualifier
237.   2-Jun-96	   Quito																																																																																																																																																																																																																																																																		       		       2-0  Argentina       XVI. World Cup Qualifier
238.  30-Jun-96	    Portoviejo																																																																																																																																																																																																																																																																				       	    3-0 	    Armenia
239.   6-Jul-96	     Santiago, Chi																																																																																																																																																																																																																																																																				    		    1-4  Chile  XVI. World Cup Qualifier
240.  15-Aug-96	      Cuenca   																																																																																																																																																																																																																																																																							    	 1-1 	Costa Rica
241.   1-Sep-96	       Quito																																																																																																																																																																																																																																																																								 	      1-0  Venezuela       XVI. World Cup Qualifier
242.   4-Oct-96	        Quito																																																																																																																																																																																																																																																																									      	   		   2-1 	Jamaica
243.   9-Oct-96		 Quito																																																																																																																																																																																																																																																																												   	 0-1  Colombia        XVI. World Cup Qualifier
244.  23-Oct-96		  Oakland, USA																																																																																																																																																																																																																																																																												      1-0 	      Mexico
245.  10-Nov-96		   Asuncion, Par																																																																																																																																																																																																																																																																											      		      0-1  Paraguay        XVI. World Cup Qualifier
246.  12-Jan-97		    La Paz, Bol																																																																																																																																																																																																																																																																														      	   0-2 		   Bolivia         XVI. World Cup Qualifier
247.   5-Feb-97		     Mexico City, Mex																																																																																																																																																																																																																																																																														   1-3 		   Mexico
248.  12-Feb-97		      Quito 	  																																																																																																																																																																																																																																																																														   4-0 		   Uruguay         XVI. World Cup Qualifier
249.  25-Mar-97		       Guatemala City, Gua																																																																																																																																																																																																																																																																													   0-0		   Guatemala
250.   2-Apr-97		        Lima, Per      																																																																																																																																																																																																																																																																														   1-1 		   Peru            XVI. World Cup Qualifier
251.  30-Apr-97			 Buenos Aires, Arg																																																																																																																																																																																																																																																																													   1-2 		   Argentina       XVI. World Cup Qualifier
252.  28-May-97			  San Salvador, ES																																																																																																																																																																																																																																																																													   2-0 		   El Salvador
253.   8-Jun-97			   Quito																																																																																																																																																																																																																																																																														   		   1-1  Chile           XVI. World Cup Qualifier
254.  11-Jun-97			    Cochabamba, Bol																																																																																																																																																																																																																																																																															   0-0 	Argentina       XXXVIII. Copa America
255.  14-Jun-97			     Cochabamba, Bol																																																																																																																																																																																																																																																																															   2-0 	Paraguay        XXXVIII. Copa America
256.  17-Jun-97			      Cochabamba, Bol																																																																																																																																																																																																																																																																															   2-1 	Chile           XXXVIII. Copa America
257.  22-Jun-97			       Cochabamba, Bol																																																																																																																																																																																																																																																																															   1-1  		Mexico      [3] XXXVIII. Copa America
258.   6-Jul-97			        Maracaibo, Ven																																																																																																																																																																																																																																																																															   			1-1 	    Venezuela       XVI. World Cup Qualifier
259.  20-Jul-97				 Barranquilla, Col																																																																																																																																																																																																																																																																																	0-1 	    Colombia        XVI. World Cup Qualifier
260.   7-Aug-97				  Baltimore, USA																																																																																																																																																																																																																																																																																		    1-0 	    USA
261.  20-Aug-97				   Quito     																																																																																																																																																																																																																																																																																			    		    2-1  Paraguay        XVI. World Cup Qualifier
262.  10-Sep-97				    Salvador, Bra																																																																																																																																																																																																																																																																																				    	 2-4 		 Brazil
263.  12-Oct-97				     Guayaquil																																																																																																																																																																																																																																																																																						 		 1-0  Bolivia         XVI. World Cup Qualifier
264.  16-Nov-97				      Maldonado, Uru																																																																																																																																																																																																																																																																																							      3-5 	      Uruguay         XVI. World Cup Qualifier
265.  14-Oct-98				       Washington, USA																																																																																																																																																																																																																																																																																							      1-5	      Brazil
266.  27-Jan-99				        San Jose, CR																																																																																																																																																																																																																																																																																							      		      0-0 Costa Rica
267.  31-Jan-99					 Guayaquil    																																																																																																																																																																																																																																																																																									      	  1-1	Danmark
268.   4-Feb-99					  Guatemala City, Gua																																																																																																																																																																																																																																																																																									  0-0	Guatemala
269.  10-Feb-99					   Lima, Per	  																																																																																																																																																																																																																																																																																									  2-1	Peru
270.  17-Feb-99					    Guayaquil																																																																																																																																																																																																																																																																																										  	1-2 Peru
271.  14-Apr-99					     Monterrey, Mex																																																																																																																																																																																																																																																																																										    0-0 Mexico
272.  19-May-99					      Guayaquil																																																																																																																																																																																																																																																																																											    0-2	Venezuela
273.   2-Jun-99					       Edmonton, Can																																																																																																																																																																																																																																																																																										    	1-1 Iran    II. Canada Cup
274.   4-Jun-99					        Edmonton, Can																																																																																																																																																																																																																																																																																											    3-1	    Guatemala       II. Canada Cup
275.   6-Jun-99						 Edmonton, Can																																																																																																																																																																																																																																																																																											    	    2-1		    Canada             II. Canada Cup
276.  15-Jun-99						  Caracas, Ven																																																																																																																																																																																																																																																																																												    		    2-3		       Venezuela
277.  23-Jun-99						   Santiago, Chi																																																																																																																																																																																																																																																																																													    		       0-0 Chile
278.   1-Jul-99						    Luque, Par																																																																																																																																																																																																																																																																																																       	   1-3 Argentina XXXIX. Copa America
279.   4-Jul-99						     Luque, Par																																																																																																																																																																																																																																																																																																	       1-2	 Uruguay             XXXIX. Copa America
280.   7-Jul-99						      Luque, Par																																																																																																																																																																																																																																																																																																       		 1-2		     Colombia	 XXXIX. Copa America
281.  12-Oct-99						       Montevideo, Uru        0-0																																																																																																																																																																																																																																																																																																 Uruguay
282.  27-Oct-99						        Los Angeles, USA       0-0     Mexico
283.  27-Jan-00							 Tegucigalpa, Hon       1-1     Honduras
284.   8-Mar-00							  Guayaquil              1-3     Honduras
285.  29-Mar-00							   Quito                  2-0     Venezuela       XVII. World Cup Qualifier
286.  26-Apr-00							    So Paulo, Bra         2-3     Brazil          XVII. World Cup Qualifier
287.   3-Jun-00							     Asuncin, Par          1-3     Paraguay        XVII. World Cup Qualifier
288.  25-Jun-00							      Quito                  5-0     Panama
289.  29-Jun-00							       Quito                  2-1     Peru            XVII. World Cup Qualifier
290.  19-Jul-00							        Buenos Aires, Arg      0-2     Argentina       XVII. World Cup Qualifier
291.  25-Jul-00								 Quito                  0-0     Colombia        XVII. World Cup Qualifier
292.  11-Aug-00								  Ciudad de Panam       0-0     Panama
293.  16-Aug-00								   Quito                  2-0     Bolivia         XVII. World Cup Qualifier
294.   3-Sep-00								    Montevideo, Uru        0-4     Uruguay         XVII. World Cup Qualifier
295.  20-Sep-00								     San Diego, USA         0-2     Mexico
296.   8-Oct-00								      Quito                  1-0     Chile           XVII. World Cup Qualifier
297.  15-Nov-00								       Maracaibo, Ven         2-1     Venezuela       XVII. World Cup Qualifier
298.  28-Mar-01								        Quito                  1-0     Brazil          XVII. World Cup Qualifier
299.  24-Apr-01									 Quito                  2-1     Paraguay        XVII. World Cup Qualifier
300.  02-Jun-01									  Lima, Per              2-1     Peru            XVII. World Cup Qualifier
301.  07-Jun-01									   Columbus, USA          0-0     USA
302.  02-Jul-01									    New York, USA          1-0     El Salvador
303.  07-Jul-01									     Miami, USA             1-1     Honduras
304.  11-Jul-01									      Barranquilla, Col      1-4     Chile           XL. Copa Amrica
305.  14-Jul-01									       Barranquilla, Col      0-1     Colombia        XL. Copa Amrica
306.  17-Jul-01									        Barranquilla, Col      4-0     Venezuela       XL. Copa Amrica
307.  15-Aug-01										 Quito                  0-2     Argentina       XVII. World Cup Qualifier
308.  05-Sep-01										  Bogot, Col            0-0     Colombia        XVII. World Cup Qualifier
309.  06-Oct-01										   La Paz, Bol            5-1     Bolivia         XVII. World Cup Qualifier
310.  07-Nov-01										    Quito                  1-1     Uruguay         XVII. World Cup Qualifier
311.  14-Nov-01										     Santiago, Chi          0-0     Chile           XVII. World Cup Qualifier
312.  12-Jan-02										      Guayaquil		    	    1-0		    Guatemala
313.  20-Jan-02										       Miami, USA		    		    0-2 Haiti  Gold Cup
314.  22-Jan-02										        Miami, USA				    	2-0    Canada         Gold Cup
315.  12-Feb-02											 Breda, Neth.					       1-0	      Turkey
316.  10-Mar-02											  Birmingham, USA 				       0-1	      USA
317.  27-Mar-02											   New Jersey, USA				       3-0	      Bulgaria
318.  17-Apr-02											    Murcia, Spa.				       		      0-0 South Africa
319.  08-May-02											     New Jersey, USA						      1-0 Yugoeslavia
320.  23-May-02											      Tottori, Jap.						      	  0-1  Senegal
321.  03-Jun-02											       Sapporo, Jap.							       0-2 Italy          XVII. World Cup
322.  09-Jun-02											        Miyagi, Jap.							       	   1-2		  Mexico              XVII. World Cup
323.  13-Jun-02												 Yokohama, Jap.								   		  1-0		      Croatia	          XVII. World Cup
324.  16-Oct-02												  San Jos, CR.										  		      1-1 		  Costa Rica
325.  20-Oct-02												   Caracas, Ven.											      			  0-2 	Venezuela
326.  20-Nov-02												    Quito        														  	2-2  Costa Rica
327.  09-Feb-03												     Guayaquil    															     1-0   Estonia
328.  12-Feb-03												      Quito        															     	   2-1  Estonia
329.  30-Apr-03  Madrid, Spa.           0-4     Spain
330.  08-Jun-03  Madrid, Spa.           0-0     Colombia        Torneo de la Amistad
331.  11-Jun-03  New York, USA          2-2     Peru
332.  20-Aug-03  Ambato	   			2-0	Guatemala
333.  06-Sep-03	  Quito						2-0	Venezuela       XVIII. World Cup Qualifier
334.  10-Sep-03	   Manaos, Bra.						0-1		Brazil          XVIII. World Cup Qualifier
335.  15-Nov-03	    Asuncin, Par.							1-2		Paraguay        XVIII. World Cup Qualifier
336.  19-Nov-03	     Quito    										0-0		Peru            XVIII. World Cup Qualifier
337.  10-Mar-04  Aguascalientes, Mex.   1-2     Mexico
338.  30-Mar-04  Buenos Aires. Arg.     0-1     Argentina       XVIII. World Cup Qualifier
339.  28-Apr-04  Fort Lauderdale, USA   1-1     Honduras
340.  02-Jun-04  Quito                  2-1     Colombia        XVIII. World Cup Qualifier
341.  05-Jun-04  Quito                  3-2     Bolivia         XVIII. World Cup Qualifier
342.  07-Jul-04	  Chiclayo, Peru         1-6     Argentina       XLI. Copa Amrica
343.  10-Jul-04	   Chiclayo, Peru         1-2     Uruguay         XLI. Copa Amrica
344.  13-Jul-04	    Piura, Peru            1-2     Mexico          XLI. Copa Amrica
345.  05-Sep-04  Montevideo             0-1     Uruguay         XVIII. World Cup Qualifier
346.  10-Oct-04  Quito                  2-0     Chile           XVIII. World Cup Qualifier
347.  14-Oct-04  San Cristbal          1-3     Venezuela       XVIII. World Cup Qualifier
348.  20-Oct-04	  Tripoli, Lyb.          0-3     Jordan          LG Cup
349.  22-Oct-04	   Tripoli, Lyb.          2-2     Nigeria     [4] LG Cup
350.  27-Oct-04	    New York, USA          1-2     Mexico
351.  17-Nov-04  Quito                  1-0     Brazil          XVIII. World Cup Qualifier
352.  26-Jan-05  Ambato                 2-0     Panama
353.  29-Jan-05  Babahoyo               2-0     Panama
354.  09-Feb-05  Via del Mar, Chi      0-3     Chile
355.  16-Feb-05  Heredia, CRi           2-1     Costa Rica
356.  27-Mar-05	  Quito	  			5-2   Paraguay	XVIII. World Cup Qualifier
357.  30-Mar-05	   Lima, Peru			      2-2	Peru   	     XVIII. World Cup Qualifier
358.  04-May-05	    New Jersey, USA		      1-0	Paraguay
359.  04-Jun-05	     Quito			      		2-0	Argentina	XVIII. World Cup Qualifier
360.  07-Jun-05	      Barranquilla, Col.			0-3	Colombia	XVIII. World Cup Qualifier
361.  11-Jun-05	       New Jersey, USA     			1-1	Italia
362.  17-Aug-05  Loja                   3-1     Venezuela
363.  03-Sep-05  La Paz, Bol.           2-1     Bolivia	        XVIII. World Cup Qualifier
364.  08-Oct-05  Quito                  0-0     Uruguay		        XVIII. World Cup Qualifier
365.  12-Oct-05  Santiago, Chi.         0-0     Chile  			        XVIII. World Cup Qualifier
366.  13-Nov-05  Barcelona, Spa.        0-3     Poland
367.  27-Dec-05  Cairo, Egy.            1-2     Senegal         Cairo LG Cup 2005
368.  29-Dec-05  Cairo, Egy.            1-2     Uganda          Cairo LG Cup 2005
369.  25-Jan-06  Guayaquil              1-0     Honduras
370.  01-Mar-06  Amsterdam, Net.        0-1     Netherlands
371.  30-Mar-06  Oita, Jap.             0-1     Japan
372.  24-May-06  New York, USA          1-1     Colombia
373.  28-May-06  Getafe, Spa.           1-2     Macedonia
374.  09-Jun-06  Gelsenkirchen, Ger.    2-0     Poland          XVIII. World Cup
375.  15-Jun-06  Hamburg, Ger.          3-0     Costa Rica      XVIII. World Cup
376.  20-Jun-06  Berlin, Ger.           0-3     Germany         XVIII. World Cup
377.  25-Jun-06  Stuttgart, Ger.        0-1     England         XVIII. World Cup
378.  06-Sep-06	  New Jersey, USA     	1-1	Peru
379.  10-Oct-06  Stockholm, Swe.        1-2     Brazil
380.  18-Jan-07  Cuenca                 2-1     Sweden
381.  21-Jan-07  Quito                  1-1     Sweden
382.  25-Mar-07  Tampa, USA             1-3     United States
383.  28-Mar-07  Oakland, USA           2-4     Mexico
384.  23-May-07  New Jersey, USA        1-1     Ireland
385.  03-Jun-07  Madrid, Spa.           1-2     Peru
386.  06-Jun-07  Barcelona,Spa.         2-0     Peru
387.  23-Jun-07  Barranquilla, Col.     1-3     Colombia
388.  27-Jun-07  Puerto Ordaz, Ven.     2-3     Chile           XLI. Copa Amrica
389.  01-Jul-07  Maturn, Ven.          1-2     Mexico          XLI. Copa Amrica
390.  04-Jul-07  Puerto La Cruz, Ven.   0-1     Brazil          XLI. Copa Amrica
391.  22-Aug-07  Quito                  1-0     Bolivia
392.  08-Sep-07  Quito                  5-1     El Salvador
393.  12-Sep-07  San Pedro Sula, Hon.   1-2     Honduras
394.  13-Oct-07  Quito                  0-1     Venezuela       XIX. World Cup Qualifier
395.  17-Oct-07  Rio de Janeiro, Bra.   0-5     Brazil          XIX. World Cup Qualifier
396.  17-Nov-07	  Asuncin, Par. 	1-5	Paraguay        XIX. World Cup Qualifier
397.  21-Nov-07	   Quito                  5-1	Peru            XIX. World Cup Qualifier
398.  26-Mar-08  Latacunga              3-1     Haiti
399.  27-May-08  Grenoble, Fra.         0-2     France
400.  15-Jun-08  Buenos Aires, Arg.     1-1     Argentina       XIX. World Cup Qualifier
401.  18-Jun-08  Quito                  0-0     Colombia        XIX. World Cup Qualifier
402.  20-Aug-08  New York, USA          1-0     Colombia
403.  06-Sep-08  Quito                  3-1     Bolivia         XIX. World Cup Qualifier
404.  10-Sep-08  Montevideo, Uru.       0-0     Uruguay         XIX. World Cup Qualifier
405.  12-Oct-08  Quito                  1-0     Chile           XIX. World Cup Qualifier
406.  15-Oct-08  Puerto La Cruz, Ven.   1-3     Venezuela       XIX. World Cup Qualifier
407.  12-Nov-08  Phoenix, USA           1-2     Mexico
408.  17-Dic-08  Muscat, Oman           1-0     Iran            Arabian Gulf Cup
409.  19-Dic-08  Muscat, Oman           0-2     Oman            Arabian Gulf Cup
410.  29-Mar-09  Quito                  1-1     Brazil          XIX. World Cup Qualifier
411.  01-Apr-09  Quito                  1-1     Paraguay        XIX. World Cup Qualifier
412.  27-May-09  Los Angeles, USA       1-3     El Salvador
413.  07-Jun-09  Lima, Peru             2-1     Peru            XIX. World Cup Qualifier
414.  10-Jun-09  Quito                  2-0     Argentina       XIX. World Cup Qualifier
415.  12-Aug-09  New York, USA          0-0     Jamaica
416.  05-Sep-09  Medelln, Col          0-2     Colombia        XIX. World Cup Qualifier
417.  09-Sep-09  La Paz, Bol            3-1     Bolivia         XIX. World Cup Qualifier
418.  10-Oct-09  Quito                  1-2     Uruguay         XIX. World Cup Qualifier
419.  14-Oct-09  Santiago, Chi          0-1     Chile           XIX. World Cup Qualifier
420.  07-May-10  New Jersey, USA        0-0     Mexico
421.  16-May-10  Seul, Kor              0-2     South Korea
422.  04-Sep-10  Zapopan, Mex.          2-1     Mexico
423.  07-Sep-10  Barqusimeto, Ven.      0-1     Venezuela
424.  08-Oct-10  New Jersey, USA        0-1     Colombia
425.  12-Oct-10  Montreal, Can.         2-2     Poland
426.  17-nov-10  Quito                  4-1     Venezuela

All games are friendlies unless stated

Notes:
[1] Ecuador left the field second half.
[2] Ecuador won 3-2 on penalty kicks.
[3] Mexico won 4-3 on penalty kicks.
[4] Ecuador won 4-3 on penalty kicks.


2004 Details
2005 Details
2006 Details
2007 Details
About this document

Prepared and maintained by Fernando Espinoza Aazco for the Rec.Sport.Soccer Statistics Foundation

Author: Fernando Espinoza Aazco (nanoespinoza@hotmail.com)
Last updated: 11 Feb 2011

(C) Copyright Fernando Espinoza Aazco and RSSSF 2003/11
You are free to copy this document in whole or part provided that proper acknowledgement is given to the author. All rights reserved. 